Workbook

Sheet Read me
A1: In questo file sono raccolti i dati di incentivi annuali per pompe di calore per Cantone. Il programma di incentivazione per gli edifici varia da cantone a cantone, ma sono tutti sotto il cappello del Programma Edifici: https://www.ilprogrammaedifici.ch/it/ In questo programma, i proventi della tassa sulla CO2 vengono ridistribuiti ai vari cantoni; sono poi i cantoni a decidere gli incentivi per i singoli interventi di risanamento energetico. Dal 2017 in poi i dati sugli incentivi concesssi sono stati suddivisi anche per tipo di edificio (SFH - MFH - NonResidenziale). Qui si trovano i rapporti del Programma Edifici con tutti i dati: https://www.ilprogrammaedifici.ch/it/meta/pubblicazioni-e-foto/rapporti-e-statistiche/ Nel foglio "Total" sono raccolti i dati cumulati, si potrebbe usare un incentivo medio per cantone per tipo di edificio per l'analisi di regressione.
A2: I cantoni hanno delle linee guida da seguire per legiferare in materia di consumi energetici, che sono decise dalla Conferenza dei direttori cantonali dell'energia: https://endk.ch/it/ Questo direttorio produce delle linee guida ogni tot anni. L'ultima linea guida approvata è il MuKen (MoPEC) 2025. prima di esso, erano repsenti le linee guida del MoPEC 2014: https://edificiopoloenergia.ch/politica-energetica-dei-cantoni/#mopec-2014 Oltre a dare delle linee guida sugli interventi da finanziare, nel MoPEC 2014 ci sono anche linee guida su leggi da applicare. Due sono interessanti: - Art. 1.29 --> obbligo di avere almeno parte della produzione di calore da fonti rinnovabili se si sostituisce l'attuale sistema di rscaldamento. - Art. 1.26 --> obbligo di produzione autonoma di elettricità (PV) nei nuovi edifici. L'applicazione o meno di queste linee guida nei vari cantoni sono raccolte nel documento "Stato della politica energetica nei cantoni" (https://edificiopoloenergia.ch/politica-energetica-dei-cantoni/) e i dati sono raccolti nella pagina "applicazione MoPEC" in questo file.

Sheet Total
A1: Index | B1: HP - SFH - MoPEC 2015 - CHF | C1: AG | D1: AI | E1: AR | F1: BE | G1: BL | H1: BS | I1: FR | J1: GE | K1: GL | L1: GR | M1: JU | N1: LU | O1: NE | P1: NW | Q1: OW | R1: SG | S1: SH | T1: SO | U1: SZ | V1: TG | W1: TI | X1: UR | Y1: VD | Z1: VS | AA1: ZG | AB1: ZH | AE1: HP - SFH - MoPEC 2015 - CHF | AF1: AG | AG1: AI | AH1: AR | AI1: BE | AJ1: BL | AK1: BS | AL1: FR | AM1: GE | AN1: GL | AO1: GR | AP1: JU | AQ1: LU | AR1: NE | AS1: NW | AT1: OW | AU1: SG | AV1: SH | AW1: SO | AX1: SZ | AY1: TG | AZ1: TI | BA1: UR | BB1: VD | BC1: VS | BD1: ZG | BE1: ZH | BF1: Average
B2: 2024 | C2: =HLOOKUP(C1,'2024 CHF'!$D$57:$AC$73,$A$3,FALSE) -> 6928.618 | D2: =HLOOKUP(D1,'2024 CHF'!$D$57:$AC$73,$A$3,FALSE) -> 111.354 | E2: =HLOOKUP(E1,'2024 CHF'!$D$57:$AC$73,$A$3,FALSE) -> 1177.385 | F2: =HLOOKUP(F1,'2024 CHF'!$D$57:$AC$73,$A$3,FALSE) -> 14599.9 | G2: =HLOOKUP(G1,'2024 CHF'!$D$57:$AC$73,$A$3,FALSE) -> 8544.219 | H2: =HLOOKUP(H1,'2024 CHF'!$D$57:$AC$73,$A$3,FALSE) -> 7571.06 | I2: =HLOOKUP(I1,'2024 CHF'!$D$57:$AC$73,$A$3,FALSE) -> 6032.713 | J2: =HLOOKUP(J1,'2024 CHF'!$D$57:$AC$73,$A$3,FALSE) -> 4517.067 | ... AB2: =HLOOKUP(AB1,'2024 CHF'!$D$57:$AC$73,$A$3,FALSE) -> 20413.062 | AC2: =SUM(C2:AB2) -> 132277.27 | AE2: 2024 | AF2: =IF(C24,C2/C24,0)*1000 -> 4287.5111 | AG2: =IF(D24,D2/D24,0)*1000 -> 3093.1667 | AH2: =IF(E24,E2/E24,0)*1000 -> 5886.925 | AI2: =IF(F24,F2/F24,0)*1000 -> 6939.116 | AJ2: =IF(G24,G2/G24,0)*1000 -> 8772.2988 | AK2: =IF(H24,H2/H24,0)*1000 -> 20573.533 | AL2: =IF(I24,I2/I24,0)*1000 -> 7242.1525 | AM2: =IF(J24,J2/J24,0)*1000 -> 7158.5848 | ... BF2: =IF(AC24,AC2/AC24,0)*1000 -> 7450.9812
A3: 15 | B3: 2023 | C3: =HLOOKUP(C1,'2023 CHF'!$D$57:$AC$73,$A$3,FALSE) -> 8968.166 | D3: =HLOOKUP(D1,'2023 CHF'!$D$57:$AC$73,$A$3,FALSE) -> 107.928 | E3: =HLOOKUP(E1,'2023 CHF'!$D$57:$AC$73,$A$3,FALSE) -> 1574.441 | F3: =HLOOKUP(F1,'2023 CHF'!$D$57:$AC$73,$A$3,FALSE) -> 18476.165 | G3: =HLOOKUP(G1,'2023 CHF'!$D$57:$AC$73,$A$3,FALSE) -> 10262.988 | H3: =HLOOKUP(H1,'2023 CHF'!$D$57:$AC$73,$A$3,FALSE) -> 4854.997 | I3: =HLOOKUP(I1,'2023 CHF'!$D$57:$AC$73,$A$3,FALSE) -> 8417.26 | J3: =HLOOKUP(J1,'2023 CHF'!$D$57:$AC$73,$A$3,FALSE) -> 3309.456 | ... AB3: =HLOOKUP(AB1,'2023 CHF'!$D$57:$AC$73,$A$3,FALSE) -> 17895.123 | AC3: =SUM(C3:AB3) -> 143058.8 | AE3: 2023 | AF3: =IF(C25,C3/C25,0)*1000 -> 4987.8565 | AG3: =IF(D25,D3/D25,0)*1000 -> 3083.6571 | AH3: =IF(E25,E3/E25,0)*1000 -> 5874.7799 | AI3: =IF(F25,F3/F25,0)*1000 -> 7186.373 | AJ3: =IF(G25,G3/G25,0)*1000 -> 8269.9339 | AK3: =IF(H25,H3/H25,0)*1000 -> 17654.535 | AL3: =IF(I25,I3/I25,0)*1000 -> 7888.716 | AM3: =IF(J25,J3/J25,0)*1000 -> 7225.8865 | ... BF3: =IF(AC25,AC3/AC25,0)*1000 -> 7165.1207
B4: 2022 | C4: =HLOOKUP(C1,'2022 CHF'!$D$57:$AC$73,$A$3,FALSE) -> 5620.064 | D4: =HLOOKUP(D1,'2022 CHF'!$D$57:$AC$73,$A$3,FALSE) -> 101.242 | E4: =HLOOKUP(E1,'2022 CHF'!$D$57:$AC$73,$A$3,FALSE) -> 524.457 | F4: =HLOOKUP(F1,'2022 CHF'!$D$57:$AC$73,$A$3,FALSE) -> 17199.088 | G4: =HLOOKUP(G1,'2022 CHF'!$D$57:$AC$73,$A$3,FALSE) -> 7010.605 | H4: =HLOOKUP(H1,'2022 CHF'!$D$57:$AC$73,$A$3,FALSE) -> 2023.71 | I4: =HLOOKUP(I1,'2022 CHF'!$D$57:$AC$73,$A$3,FALSE) -> 8492.528 | J4: =HLOOKUP(J1,'2022 CHF'!$D$57:$AC$73,$A$3,FALSE) -> 1701.62 | ... AB4: =HLOOKUP(AB1,'2022 CHF'!$D$57:$AC$73,$A$3,FALSE) -> 13363.682 | AC4: =SUM(C4:AB4) -> 92251.038 | AE4: 2022 | AF4: =IF(C26,C4/C26,0)*1000 -> 5099.8766 | AG4: =IF(D26,D4/D26,0)*1000 -> 3265.871 | AH4: =IF(E26,E4/E26,0)*1000 -> 6028.2414 | AI4: =IF(F26,F4/F26,0)*1000 -> 8582.3792 | AJ4: =IF(G26,G4/G26,0)*1000 -> 8365.8771 | AK4: =IF(H26,H4/H26,0)*1000 -> 16864.25 | AL4: =IF(I26,I4/I26,0)*1000 -> 9817.9514 | AM4: =IF(J26,J4/J26,0)*1000 -> 7119.749 | ... BF4: =IF(AC26,AC4/AC26,0)*1000 -> 7222.347
B5: 2021 | C5: =HLOOKUP(C1,'2021 CHF'!$D$57:$AC$73,$A$3,FALSE) -> 1162.903 | D5: =HLOOKUP(D1,'2021 CHF'!$D$57:$AC$73,$A$3,FALSE) -> 18.701 | E5: =HLOOKUP(E1,'2021 CHF'!$D$57:$AC$73,$A$3,FALSE) -> 257.504 | F5: =HLOOKUP(F1,'2021 CHF'!$D$57:$AC$73,$A$3,FALSE) -> 19677.383 | G5: =HLOOKUP(G1,'2021 CHF'!$D$57:$AC$73,$A$3,FALSE) -> 4939.213 | H5: =HLOOKUP(H1,'2021 CHF'!$D$57:$AC$73,$A$3,FALSE) -> 2087.078 | I5: =HLOOKUP(I1,'2021 CHF'!$D$57:$AC$73,$A$3,FALSE) -> 4092.959 | J5: =HLOOKUP(J1,'2021 CHF'!$D$57:$AC$73,$A$3,FALSE) -> 1486.228 | ... AB5: =HLOOKUP(AB1,'2021 CHF'!$D$57:$AC$73,$A$3,FALSE) -> 7683.959 | AC5: =SUM(C5:AB5) -> 67919.188 | AE5: 2021 | AF5: =IF(C27,C5/C27,0)*1000 -> 5145.5885 | AG5: =IF(D27,D5/D27,0)*1000 -> 2671.5714 | AH5: =IF(E27,E5/E27,0)*1000 -> 6131.0476 | AI5: =IF(F27,F5/F27,0)*1000 -> 10296.904 | AJ5: =IF(G27,G5/G27,0)*1000 -> 8245.7646 | AK5: =IF(H27,H5/H27,0)*1000 -> 16968.114 | AL5: =IF(I27,I5/I27,0)*1000 -> 8474.0352 | AM5: =IF(J27,J5/J27,0)*1000 -> 7781.2984 | ... BF5: =IF(AC27,AC5/AC27,0)*1000 -> 7409.9049
B6: 2020 | C6: =HLOOKUP(C1,'2020 CHF'!$D$57:$AC$73,$A$3,FALSE) -> 0 | D6: =HLOOKUP(D1,'2020 CHF'!$D$57:$AC$73,$A$3,FALSE) -> 59.504 | E6: =HLOOKUP(E1,'2020 CHF'!$D$57:$AC$73,$A$3,FALSE) -> 143.258 | F6: =HLOOKUP(F1,'2020 CHF'!$D$57:$AC$73,$A$3,FALSE) -> 10206.313 | G6: =HLOOKUP(G1,'2020 CHF'!$D$57:$AC$73,$A$3,FALSE) -> 807.984 | H6: =HLOOKUP(H1,'2020 CHF'!$D$57:$AC$73,$A$3,FALSE) -> 1246.462 | I6: =HLOOKUP(I1,'2020 CHF'!$D$57:$AC$73,$A$3,FALSE) -> 2453.5045 | J6: =HLOOKUP(J1,'2020 CHF'!$D$57:$AC$73,$A$3,FALSE) -> 976.729 | ... AB6: =HLOOKUP(AB1,'2020 CHF'!$D$57:$AC$73,$A$3,FALSE) -> 537.836 | AC6: =SUM(C6:AB6) -> 33871.896 | AE6: 2020 | AF6: =IF(C28,C6/C28,0)*1000 -> 0 | AG6: =IF(D28,D6/D28,0)*1000 -> 2704.7273 | AH6: =IF(E28,E6/E28,0)*1000 -> 5116.3571 | AI6: =IF(F28,F6/F28,0)*1000 -> 9637.6893 | AJ6: =IF(G28,G6/G28,0)*1000 -> 6733.2 | AK6: =IF(H28,H6/H28,0)*1000 -> 15580.775 | AL6: =IF(I28,I6/I28,0)*1000 -> 7132.2805 | AM6: =IF(J28,J6/J28,0)*1000 -> 8005.9754 | ... BF6: =IF(AC28,AC6/AC28,0)*1000 -> 7077.2871
B7: 2019 | C7: =HLOOKUP(C1,'2019 CHF'!$D$57:$AC$73,$A$3,FALSE) -> 0 | D7: =HLOOKUP(D1,'2019 CHF'!$D$57:$AC$73,$A$3,FALSE) -> 55.096 | E7: =HLOOKUP(E1,'2019 CHF'!$D$57:$AC$73,$A$3,FALSE) -> 56.52 | F7: =HLOOKUP(F1,'2019 CHF'!$D$57:$AC$73,$A$3,FALSE) -> 2530.13 | G7: =HLOOKUP(G1,'2019 CHF'!$D$57:$AC$73,$A$3,FALSE) -> 147.878 | H7: =HLOOKUP(H1,'2019 CHF'!$D$57:$AC$73,$A$3,FALSE) -> 340.977 | I7: =HLOOKUP(I1,'2019 CHF'!$D$57:$AC$73,$A$3,FALSE) -> 1570.4445 | J7: =HLOOKUP(J1,'2019 CHF'!$D$57:$AC$73,$A$3,FALSE) -> 967.519 | ... AB7: =HLOOKUP(AB1,'2019 CHF'!$D$57:$AC$73,$A$3,FALSE) -> 0 | AC7: =SUM(C7:AB7) -> 16038.371 | AE7: 2019 | AF7: =IF(C29,C7/C29,0)*1000 -> 0 | AG7: =IF(D29,D7/D29,0)*1000 -> 3240.9412 | AH7: =IF(E29,E7/E29,0)*1000 -> 3768 | AI7: =IF(F29,F7/F29,0)*1000 -> 5698.491 | AJ7: =IF(G29,G7/G29,0)*1000 -> 3996.7027 | AK7: =IF(H29,H7/H29,0)*1000 -> 12628.778 | AL7: =IF(I29,I7/I29,0)*1000 -> 6979.7533 | AM7: =IF(J29,J7/J29,0)*1000 -> 7866.0081 | ... BF7: =IF(AC29,AC7/AC29,0)*1000 -> 6223.6595
B8: 2018 | C8: =HLOOKUP(C1,'2018 CHF'!$D$57:$AC$73,$A$3,FALSE) -> 0 | D8: =HLOOKUP(D1,'2018 CHF'!$D$57:$AC$73,$A$3,FALSE) -> 21.928 | E8: =HLOOKUP(E1,'2018 CHF'!$D$57:$AC$73,$A$3,FALSE) -> 70.69 | F8: =HLOOKUP(F1,'2018 CHF'!$D$57:$AC$73,$A$3,FALSE) -> 1704.3 | G8: =HLOOKUP(G1,'2018 CHF'!$D$57:$AC$73,$A$3,FALSE) -> 172.998 | H8: =HLOOKUP(H1,'2018 CHF'!$D$57:$AC$73,$A$3,FALSE) -> 129.8 | I8: =HLOOKUP(I1,'2018 CHF'!$D$57:$AC$73,$A$3,FALSE) -> 1296.8545 | J8: =HLOOKUP(J1,'2018 CHF'!$D$57:$AC$73,$A$3,FALSE) -> 563.668 | ... AB8: =HLOOKUP(AB1,'2018 CHF'!$D$57:$AC$73,$A$3,FALSE) -> 0 | AC8: =SUM(C8:AB8) -> 10015.822 | AE8: 2018 | AF8: =IF(C30,C8/C30,0)*1000 -> 0 | AG8: =IF(D30,D8/D30,0)*1000 -> 3132.5714 | AH8: =IF(E30,E8/E30,0)*1000 -> 4712.6667 | AI8: =IF(F30,F8/F30,0)*1000 -> 5133.4337 | AJ8: =IF(G30,G8/G30,0)*1000 -> 4119 | AK8: =IF(H30,H8/H30,0)*1000 -> 14422.222 | AL8: =IF(I30,I8/I30,0)*1000 -> 7048.1223 | AM8: =IF(J30,J8/J30,0)*1000 -> 7320.3636 | ... BF8: =IF(AC30,AC8/AC30,0)*1000 -> 5947.6375
B9: 2017 | C9: =HLOOKUP(C1,'2017 CHF'!$D$57:$AC$73,$A$3,FALSE) -> 0 | D9: =HLOOKUP(D1,'2017 CHF'!$D$57:$AC$73,$A$3,FALSE) -> 0 | E9: =HLOOKUP(E1,'2017 CHF'!$D$57:$AC$73,$A$3,FALSE) -> 0 | F9: =HLOOKUP(F1,'2017 CHF'!$D$57:$AC$73,$A$3,FALSE) -> 397.06 | G9: =HLOOKUP(G1,'2017 CHF'!$D$57:$AC$73,$A$3,FALSE) -> 23.046 | H9: =HLOOKUP(H1,'2017 CHF'!$D$57:$AC$73,$A$3,FALSE) -> 0 | I9: =HLOOKUP(I1,'2017 CHF'!$D$57:$AC$73,$A$3,FALSE) -> 143.0425 | J9: =HLOOKUP(J1,'2017 CHF'!$D$57:$AC$73,$A$3,FALSE) -> 581.844 | ... AB9: =HLOOKUP(AB1,'2017 CHF'!$D$57:$AC$73,$A$3,FALSE) -> 0 | AC9: =SUM(C9:AB9) -> 2051.5745 | AE9: 2017 | AF9: =IF(C31,C9/C31,0)*1000 -> 0 | AG9: =IF(D31,D9/D31,0)*1000 -> 0 | AH9: =IF(E31,E9/E31,0)*1000 -> 0 | AI9: =IF(F31,F9/F31,0)*1000 -> 4783.8554 | AJ9: =IF(G31,G9/G31,0)*1000 -> 3292.2857 | AK9: =IF(H31,H9/H31,0)*1000 -> 0 | AL9: =IF(I31,I9/I31,0)*1000 -> 7528.5526 | AM9: =IF(J31,J9/J31,0)*1000 -> 7862.7568 | ... BF9: =IF(AC31,AC9/AC31,0)*1000 -> 5844.9416
AE10: Average | AF10: =SUM(C2:C9)/SUM(C24:C31)*1000 -> 4782.7396 | AG10: =SUM(D2:D9)/SUM(D24:D31)*1000 -> 3069.3742 | AH10: =SUM(E2:E9)/SUM(E24:E31)*1000 -> 5808.0229 | AI10: =SUM(F2:F9)/SUM(F24:F31)*1000 -> 8069.1225 | AJ10: =SUM(G2:G9)/SUM(G24:G31)*1000 -> 8270.8478 | AK10: =SUM(H2:H9)/SUM(H24:H31)*1000 -> 18217.649 | AL10: =SUM(I2:I9)/SUM(I24:I31)*1000 -> 8084.4045 | AM10: =SUM(J2:J9)/SUM(J24:J31)*1000 -> 7365.0815 | ... BE10: =SUM(AB2:AB9)/SUM(AB24:AB31)*1000 -> 7096.4055 | BF10: =SUM(C2:AB9)/SUM(C24:AB31)*1000 -> 7204.0656
A12: Index | B12: HP - MFH - MoPEC 2015 - CHF | C12: AG | D12: AI | E12: AR | F12: BE | G12: BL | H12: BS | I12: FR | J12: GE | K12: GL | L12: GR | M12: JU | N12: LU | O12: NE | P12: NW | Q12: OW | R12: SG | S12: SH | T12: SO | U12: SZ | V12: TG | W12: TI | X12: UR | Y12: VD | Z12: VS | AA12: ZG | AB12: ZH | AE12: HP - SFH - MoPEC 2015 - CHF | AF12: AG | AG12: AI | AH12: AR | AI12: BE | AJ12: BL | AK12: BS | AL12: FR | AM12: GE | AN12: GL | AO12: GR | AP12: JU | AQ12: LU | AR12: NE | AS12: NW | AT12: OW | AU12: SG | AV12: SH | AW12: SO | AX12: SZ | AY12: TG | AZ12: TI | BA12: UR | BB12: VD | BC12: VS | BD12: ZG | BE12: ZH | BF12: Average
B13: 2024 | C13: =HLOOKUP(C12,'2024 CHF'!$D$57:$AC$73,$A$14,FALSE) -> 1885.166 | D13: =HLOOKUP(D12,'2024 CHF'!$D$57:$AC$73,$A$14,FALSE) -> 11.986 | E13: =HLOOKUP(E12,'2024 CHF'!$D$57:$AC$73,$A$14,FALSE) -> 216.652 | F13: =HLOOKUP(F12,'2024 CHF'!$D$57:$AC$73,$A$14,FALSE) -> 3690.81 | G13: =HLOOKUP(G12,'2024 CHF'!$D$57:$AC$73,$A$14,FALSE) -> 1468.231 | H13: =HLOOKUP(H12,'2024 CHF'!$D$57:$AC$73,$A$14,FALSE) -> 1181.99 | I13: =HLOOKUP(I12,'2024 CHF'!$D$57:$AC$73,$A$14,FALSE) -> 1194.598 | J13: =HLOOKUP(J12,'2024 CHF'!$D$57:$AC$73,$A$14,FALSE) -> 402.52 | ... AB13: =HLOOKUP(AB12,'2024 CHF'!$D$57:$AC$73,$A$14,FALSE) -> 8915.355 | AC13: =SUM(C13:AB13) -> 43310.001 | AE13: 2024 | AF13: =IF(C35,C13/C35,0)*1000 -> 7034.2015 | AG13: =IF(D35,D13/D35,0)*1000 -> 5993 | AH13: =IF(E35,E13/E35,0)*1000 -> 6770.375 | AI13: =IF(F35,F13/F35,0)*1000 -> 7852.7872 | AJ13: =IF(G35,G13/G35,0)*1000 -> 11652.627 | AK13: =IF(H35,H13/H35,0)*1000 -> 22730.577 | AL13: =IF(I35,I13/I35,0)*1000 -> 11827.703 | AM13: =IF(J35,J13/J35,0)*1000 -> 16100.8 | ... BF13: =IF(AC35,AC13/AC35,0)*1000 -> 12448.98
A14: 16 | B14: 2023 | C14: =HLOOKUP(C12,'2023 CHF'!$D$57:$AC$73,$A$14,FALSE) -> 1348.656 | D14: =HLOOKUP(D12,'2023 CHF'!$D$57:$AC$73,$A$14,FALSE) -> 21.125 | E14: =HLOOKUP(E12,'2023 CHF'!$D$57:$AC$73,$A$14,FALSE) -> 102.407 | F14: =HLOOKUP(F12,'2023 CHF'!$D$57:$AC$73,$A$14,FALSE) -> 3619.77 | G14: =HLOOKUP(G12,'2023 CHF'!$D$57:$AC$73,$A$14,FALSE) -> 1150.492 | H14: =HLOOKUP(H12,'2023 CHF'!$D$57:$AC$73,$A$14,FALSE) -> 598.192 | I14: =HLOOKUP(I12,'2023 CHF'!$D$57:$AC$73,$A$14,FALSE) -> 1202.131 | J14: =HLOOKUP(J12,'2023 CHF'!$D$57:$AC$73,$A$14,FALSE) -> 87.361 | ... AB14: =HLOOKUP(AB12,'2023 CHF'!$D$57:$AC$73,$A$14,FALSE) -> 5773.247 | AC14: =SUM(C14:AB14) -> 31387.551 | AE14: 2023 | AF14: =IF(C36,C14/C36,0)*1000 -> 6643.6256 | AG14: =IF(D36,D14/D36,0)*1000 -> 3017.8571 | AH14: =IF(E36,E14/E36,0)*1000 -> 6400.4375 | AI14: =IF(F36,F14/F36,0)*1000 -> 8043.9333 | AJ14: =IF(G36,G14/G36,0)*1000 -> 10004.278 | AK14: =IF(H36,H14/H36,0)*1000 -> 18693.5 | AL14: =IF(I36,I14/I36,0)*1000 -> 10928.464 | AM14: =IF(J36,J14/J36,0)*1000 -> 10920.125 | ... BF14: =IF(AC36,AC14/AC36,0)*1000 -> 11110.638
B15: 2022 | C15: =HLOOKUP(C12,'2022 CHF'!$D$57:$AC$73,$A$14,FALSE) -> 874.958 | D15: =HLOOKUP(D12,'2022 CHF'!$D$57:$AC$73,$A$14,FALSE) -> 21.03 | E15: =HLOOKUP(E12,'2022 CHF'!$D$57:$AC$73,$A$14,FALSE) -> 35.07 | F15: =HLOOKUP(F12,'2022 CHF'!$D$57:$AC$73,$A$14,FALSE) -> 2537.631 | G15: =HLOOKUP(G12,'2022 CHF'!$D$57:$AC$73,$A$14,FALSE) -> 787.702 | H15: =HLOOKUP(H12,'2022 CHF'!$D$57:$AC$73,$A$14,FALSE) -> 435.135 | I15: =HLOOKUP(I12,'2022 CHF'!$D$57:$AC$73,$A$14,FALSE) -> 1094.015 | J15: =HLOOKUP(J12,'2022 CHF'!$D$57:$AC$73,$A$14,FALSE) -> 54.76 | ... AB15: =HLOOKUP(AB12,'2022 CHF'!$D$57:$AC$73,$A$14,FALSE) -> 4012.583 | AC15: =SUM(C15:AB15) -> 18841.013 | AE15: 2022 | AF15: =IF(C37,C15/C37,0)*1000 -> 8101.463 | AG15: =IF(D37,D15/D37,0)*1000 -> 5257.5 | AH15: =IF(E37,E15/E37,0)*1000 -> 5845 | AI15: =IF(F37,F15/F37,0)*1000 -> 9295.3516 | AJ15: =IF(G37,G15/G37,0)*1000 -> 10940.306 | AK15: =IF(H37,H15/H37,0)*1000 -> 20720.714 | AL15: =IF(I37,I15/I37,0)*1000 -> 13675.188 | AM15: =IF(J37,J15/J37,0)*1000 -> 18253.333 | ... BF15: =IF(AC37,AC15/AC37,0)*1000 -> 10686.905
B16: 2021 | C16: =HLOOKUP(C12,'2021 CHF'!$D$57:$AC$73,$A$14,FALSE) -> 301.221 | D16: =HLOOKUP(D12,'2021 CHF'!$D$57:$AC$73,$A$14,FALSE) -> 59.064 | E16: =HLOOKUP(E12,'2021 CHF'!$D$57:$AC$73,$A$14,FALSE) -> 45.054 | F16: =HLOOKUP(F12,'2021 CHF'!$D$57:$AC$73,$A$14,FALSE) -> 2935.93 | G16: =HLOOKUP(G12,'2021 CHF'!$D$57:$AC$73,$A$14,FALSE) -> 457.617 | H16: =HLOOKUP(H12,'2021 CHF'!$D$57:$AC$73,$A$14,FALSE) -> 464.641 | I16: =HLOOKUP(I12,'2021 CHF'!$D$57:$AC$73,$A$14,FALSE) -> 699.996 | J16: =HLOOKUP(J12,'2021 CHF'!$D$57:$AC$73,$A$14,FALSE) -> 19.928 | ... AB16: =HLOOKUP(AB12,'2021 CHF'!$D$57:$AC$73,$A$14,FALSE) -> 2417.031 | AC16: =SUM(C16:AB16) -> 13499.738 | AE16: 2021 | AF16: =IF(C38,C16/C38,0)*1000 -> 7926.8684 | AG16: =IF(D38,D16/D38,0)*1000 -> 14766 | AH16: =IF(E38,E16/E38,0)*1000 -> 5631.75 | AI16: =IF(F38,F16/F38,0)*1000 -> 10337.782 | AJ16: =IF(G38,G16/G38,0)*1000 -> 9533.6875 | AK16: =IF(H38,H16/H38,0)*1000 -> 17208.926 | AL16: =IF(I38,I16/I38,0)*1000 -> 11666.6 | AM16: =IF(J38,J16/J38,0)*1000 -> 9964 | ... BF16: =IF(AC38,AC16/AC38,0)*1000 -> 10273.773
B17: 2020 | C17: =HLOOKUP(C12,'2020 CHF'!$D$57:$AC$73,$A$14,FALSE) -> 0 | D17: =HLOOKUP(D12,'2020 CHF'!$D$57:$AC$73,$A$14,FALSE) -> 17.163 | E17: =HLOOKUP(E12,'2020 CHF'!$D$57:$AC$73,$A$14,FALSE) -> 34.425 | F17: =HLOOKUP(F12,'2020 CHF'!$D$57:$AC$73,$A$14,FALSE) -> 1541.53 | G17: =HLOOKUP(G12,'2020 CHF'!$D$57:$AC$73,$A$14,FALSE) -> 96.337 | H17: =HLOOKUP(H12,'2020 CHF'!$D$57:$AC$73,$A$14,FALSE) -> 207.438 | I17: =HLOOKUP(I12,'2020 CHF'!$D$57:$AC$73,$A$14,FALSE) -> 398.64 | J17: =HLOOKUP(J12,'2020 CHF'!$D$57:$AC$73,$A$14,FALSE) -> 25 | ... AB17: =HLOOKUP(AB12,'2020 CHF'!$D$57:$AC$73,$A$14,FALSE) -> 419.611 | AC17: =SUM(C17:AB17) -> 7533.806 | AE17: 2020 | AF17: =IF(C39,C17/C39,0)*1000 -> 0 | AG17: =IF(D39,D17/D39,0)*1000 -> 5721 | AH17: =IF(E39,E17/E39,0)*1000 -> 11475 | AI17: =IF(F39,F17/F39,0)*1000 -> 9634.5625 | AJ17: =IF(G39,G17/G39,0)*1000 -> 8757.9091 | AK17: =IF(H39,H17/H39,0)*1000 -> 18858 | AL17: =IF(I39,I17/I39,0)*1000 -> 9966 | AM17: =IF(J39,J17/J39,0)*1000 -> 25000 | ... BF17: =IF(AC39,AC17/AC39,0)*1000 -> 10492.766
B18: 2019 | C18: =HLOOKUP(C12,'2019 CHF'!$D$57:$AC$73,$A$14,FALSE) -> 0 | D18: =HLOOKUP(D12,'2019 CHF'!$D$57:$AC$73,$A$14,FALSE) -> 19.014 | E18: =HLOOKUP(E12,'2019 CHF'!$D$57:$AC$73,$A$14,FALSE) -> 34.977 | F18: =HLOOKUP(F12,'2019 CHF'!$D$57:$AC$73,$A$14,FALSE) -> 452.17 | G18: =HLOOKUP(G12,'2019 CHF'!$D$57:$AC$73,$A$14,FALSE) -> 2.8 | H18: =HLOOKUP(H12,'2019 CHF'!$D$57:$AC$73,$A$14,FALSE) -> 97.138 | I18: =HLOOKUP(I12,'2019 CHF'!$D$57:$AC$73,$A$14,FALSE) -> 220.048 | J18: =HLOOKUP(J12,'2019 CHF'!$D$57:$AC$73,$A$14,FALSE) -> 10.14 | ... AB18: =HLOOKUP(AB12,'2019 CHF'!$D$57:$AC$73,$A$14,FALSE) -> 0 | AC18: =SUM(C18:AB18) -> 2899.0803 | AE18: 2019 | AF18: =IF(C40,C18/C40,0)*1000 -> 0 | AG18: =IF(D40,D18/D40,0)*1000 -> 4753.5 | AH18: =IF(E40,E18/E40,0)*1000 -> 8744.25 | AI18: =IF(F40,F18/F40,0)*1000 -> 6956.4615 | AJ18: =IF(G40,G18/G40,0)*1000 -> 2800 | AK18: =IF(H40,H18/H40,0)*1000 -> 24284.5 | AL18: =IF(I40,I18/I40,0)*1000 -> 9567.3043 | AM18: =IF(J40,J18/J40,0)*1000 -> 10140 | ... BF18: =IF(AC40,AC18/AC40,0)*1000 -> 8403.1314
B19: 2018 | C19: =HLOOKUP(C12,'2018 CHF'!$D$57:$AC$73,$A$14,FALSE) -> 0 | D19: =HLOOKUP(D12,'2018 CHF'!$D$57:$AC$73,$A$14,FALSE) -> 18.788 | E19: =HLOOKUP(E12,'2018 CHF'!$D$57:$AC$73,$A$14,FALSE) -> 35.574 | F19: =HLOOKUP(F12,'2018 CHF'!$D$57:$AC$73,$A$14,FALSE) -> 357.67 | G19: =HLOOKUP(G12,'2018 CHF'!$D$57:$AC$73,$A$14,FALSE) -> 3.48 | H19: =HLOOKUP(H12,'2018 CHF'!$D$57:$AC$73,$A$14,FALSE) -> 14.025 | I19: =HLOOKUP(I12,'2018 CHF'!$D$57:$AC$73,$A$14,FALSE) -> 64.5345 | J19: =HLOOKUP(J12,'2018 CHF'!$D$57:$AC$73,$A$14,FALSE) -> 0 | ... AB19: =HLOOKUP(AB12,'2018 CHF'!$D$57:$AC$73,$A$14,FALSE) -> 0 | AC19: =SUM(C19:AB19) -> 1609.8907 | AE19: 2018 | AF19: =IF(C41,C19/C41,0)*1000 -> 0 | AG19: =IF(D41,D19/D41,0)*1000 -> 4697 | AH19: =IF(E41,E19/E41,0)*1000 -> 11858 | AI19: =IF(F41,F19/F41,0)*1000 -> 6166.7241 | AJ19: =IF(G41,G19/G41,0)*1000 -> 3480 | AK19: =IF(H41,H19/H41,0)*1000 -> 14025 | AL19: =IF(I41,I19/I41,0)*1000 -> 9219.2143 | AM19: =IF(J41,J19/J41,0)*1000 -> 0 | ... BF19: =IF(AC41,AC19/AC41,0)*1000 -> 8009.4065
B20: 2017 | C20: =HLOOKUP(C12,'2017 CHF'!$D$57:$AC$73,$A$14,FALSE) -> 0 | D20: =HLOOKUP(D12,'2017 CHF'!$D$57:$AC$73,$A$14,FALSE) -> 0 | E20: =HLOOKUP(E12,'2017 CHF'!$D$57:$AC$73,$A$14,FALSE) -> 0 | F20: =HLOOKUP(F12,'2017 CHF'!$D$57:$AC$73,$A$14,FALSE) -> 102.49 | G20: =HLOOKUP(G12,'2017 CHF'!$D$57:$AC$73,$A$14,FALSE) -> 0 | H20: =HLOOKUP(H12,'2017 CHF'!$D$57:$AC$73,$A$14,FALSE) -> 0 | I20: =HLOOKUP(I12,'2017 CHF'!$D$57:$AC$73,$A$14,FALSE) -> 53.255 | J20: =HLOOKUP(J12,'2017 CHF'!$D$57:$AC$73,$A$14,FALSE) -> 0 | ... AB20: =HLOOKUP(AB12,'2017 CHF'!$D$57:$AC$73,$A$14,FALSE) -> 0 | AC20: =SUM(C20:AB20) -> 459.23 | AE20: 2017 | AF20: =IF(C42,C20/C42,0)*1000 -> 0 | AG20: =IF(D42,D20/D42,0)*1000 -> 0 | AH20: =IF(E42,E20/E42,0)*1000 -> 0 | AI20: =IF(F42,F20/F42,0)*1000 -> 6832.6667 | AJ20: =IF(G42,G20/G42,0)*1000 -> 0 | AK20: =IF(H42,H20/H42,0)*1000 -> 0 | AL20: =IF(I42,I20/I42,0)*1000 -> 8875.8333 | AM20: =IF(J42,J20/J42,0)*1000 -> 0 | ... BF20: =IF(AC42,AC20/AC42,0)*1000 -> 8200.5357
AE21: Average | AF21: =SUM(C13:C20)/SUM(C35:C42)*1000 -> 7147.4895 | AG21: =SUM(D13:D20)/SUM(D35:D42)*1000 -> 6006.0714 | AH21: =SUM(E13:E20)/SUM(E35:E42)*1000 -> 7002.2083 | AI21: =SUM(F13:F20)/SUM(F35:F42)*1000 -> 8584.7893 | AJ21: =SUM(G13:G20)/SUM(G35:G42)*1000 -> 10606.04 | AK21: =SUM(H13:H20)/SUM(H35:H42)*1000 -> 20260.534 | AL21: =SUM(I13:I20)/SUM(I35:I42)*1000 -> 11539.151 | AM21: =SUM(J13:J20)/SUM(J35:J42)*1000 -> 14992.725 | ... BE21: =SUM(AB13:AB20)/SUM(AB35:AB42)*1000 -> 10758.155 | BF21: =SUM(C13:AB20)/SUM(C35:AB42)*1000 -> 11170.948
A23: Index | B23: HP - SFH - MoPEC 2015 - Buildings | C23: AG | D23: AI | E23: AR | F23: BE | G23: BL | H23: BS | I23: FR | J23: GE | K23: GL | L23: GR | M23: JU | N23: LU | O23: NE | P23: NW | Q23: OW | R23: SG | S23: SH | T23: SO | U23: SZ | V23: TG | W23: TI | X23: UR | Y23: VD | Z23: VS | AA23: ZG | AB23: ZH
B24: 2024 | C24: =HLOOKUP(C23,'2024'!$D$57:$AC$69,$A$25,FALSE) -> 1616 | D24: =HLOOKUP(D23,'2024'!$D$57:$AC$69,$A$25,FALSE) -> 36 | E24: =HLOOKUP(E23,'2024'!$D$57:$AC$69,$A$25,FALSE) -> 200 | F24: =HLOOKUP(F23,'2024'!$D$57:$AC$69,$A$25,FALSE) -> 2104 | G24: =HLOOKUP(G23,'2024'!$D$57:$AC$69,$A$25,FALSE) -> 974 | H24: =HLOOKUP(H23,'2024'!$D$57:$AC$69,$A$25,FALSE) -> 368 | I24: =HLOOKUP(I23,'2024'!$D$57:$AC$69,$A$25,FALSE) -> 833 | J24: =HLOOKUP(J23,'2024'!$D$57:$AC$69,$A$25,FALSE) -> 631 | ... AB24: =HLOOKUP(AB23,'2024'!$D$57:$AC$69,$A$25,FALSE) -> 2790 | AC24: =SUM(C24:AB24) -> 17753
A25: 11 | B25: 2023 | C25: =HLOOKUP(C23,'2023'!$D$57:$AC$69,$A$25,FALSE) -> 1798 | D25: =HLOOKUP(D23,'2023'!$D$57:$AC$69,$A$25,FALSE) -> 35 | E25: =HLOOKUP(E23,'2023'!$D$57:$AC$69,$A$25,FALSE) -> 268 | F25: =HLOOKUP(F23,'2023'!$D$57:$AC$69,$A$25,FALSE) -> 2571 | G25: =HLOOKUP(G23,'2023'!$D$57:$AC$69,$A$25,FALSE) -> 1241 | H25: =HLOOKUP(H23,'2023'!$D$57:$AC$69,$A$25,FALSE) -> 275 | I25: =HLOOKUP(I23,'2023'!$D$57:$AC$69,$A$25,FALSE) -> 1067 | J25: =HLOOKUP(J23,'2023'!$D$57:$AC$69,$A$25,FALSE) -> 458 | ... AB25: =HLOOKUP(AB23,'2023'!$D$57:$AC$69,$A$25,FALSE) -> 2458 | AC25: =SUM(C25:AB25) -> 19966
B26: 2022 | C26: =HLOOKUP(C23,'2022'!$D$57:$AC$69,$A$25,FALSE) -> 1102 | D26: =HLOOKUP(D23,'2022'!$D$57:$AC$69,$A$25,FALSE) -> 31 | E26: =HLOOKUP(E23,'2022'!$D$57:$AC$69,$A$25,FALSE) -> 87 | F26: =HLOOKUP(F23,'2022'!$D$57:$AC$69,$A$25,FALSE) -> 2004 | G26: =HLOOKUP(G23,'2022'!$D$57:$AC$69,$A$25,FALSE) -> 838 | H26: =HLOOKUP(H23,'2022'!$D$57:$AC$69,$A$25,FALSE) -> 120 | I26: =HLOOKUP(I23,'2022'!$D$57:$AC$69,$A$25,FALSE) -> 865 | J26: =HLOOKUP(J23,'2022'!$D$57:$AC$69,$A$25,FALSE) -> 239 | ... AB26: =HLOOKUP(AB23,'2022'!$D$57:$AC$69,$A$25,FALSE) -> 1932 | AC26: =SUM(C26:AB26) -> 12773
B27: 2021 | C27: =HLOOKUP(C23,'2021'!$D$57:$AC$69,$A$25,FALSE) -> 226 | D27: =HLOOKUP(D23,'2021'!$D$57:$AC$69,$A$25,FALSE) -> 7 | E27: =HLOOKUP(E23,'2021'!$D$57:$AC$69,$A$25,FALSE) -> 42 | F27: =HLOOKUP(F23,'2021'!$D$57:$AC$69,$A$25,FALSE) -> 1911 | G27: =HLOOKUP(G23,'2021'!$D$57:$AC$69,$A$25,FALSE) -> 599 | H27: =HLOOKUP(H23,'2021'!$D$57:$AC$69,$A$25,FALSE) -> 123 | I27: =HLOOKUP(I23,'2021'!$D$57:$AC$69,$A$25,FALSE) -> 483 | J27: =HLOOKUP(J23,'2021'!$D$57:$AC$69,$A$25,FALSE) -> 191 | ... AB27: =HLOOKUP(AB23,'2021'!$D$57:$AC$69,$A$25,FALSE) -> 1173 | AC27: =SUM(C27:AB27) -> 9166
B28: 2020 | C28: =HLOOKUP(C23,'2020'!$D$57:$AC$69,$A$25,FALSE) -> 0 | D28: =HLOOKUP(D23,'2020'!$D$57:$AC$69,$A$25,FALSE) -> 22 | E28: =HLOOKUP(E23,'2020'!$D$57:$AC$69,$A$25,FALSE) -> 28 | F28: =HLOOKUP(F23,'2020'!$D$57:$AC$69,$A$25,FALSE) -> 1059 | G28: =HLOOKUP(G23,'2020'!$D$57:$AC$69,$A$25,FALSE) -> 120 | H28: =HLOOKUP(H23,'2020'!$D$57:$AC$69,$A$25,FALSE) -> 80 | I28: =HLOOKUP(I23,'2020'!$D$57:$AC$69,$A$25,FALSE) -> 344 | J28: =HLOOKUP(J23,'2020'!$D$57:$AC$69,$A$25,FALSE) -> 122 | ... AB28: =HLOOKUP(AB23,'2020'!$D$57:$AC$69,$A$25,FALSE) -> 87 | AC28: =SUM(C28:AB28) -> 4786
B29: 2019 | C29: =HLOOKUP(C23,'2019'!$D$57:$AC$69,$A$25,FALSE) -> 0 | D29: =HLOOKUP(D23,'2019'!$D$57:$AC$69,$A$25,FALSE) -> 17 | E29: =HLOOKUP(E23,'2019'!$D$57:$AC$69,$A$25,FALSE) -> 15 | F29: =HLOOKUP(F23,'2019'!$D$57:$AC$69,$A$25,FALSE) -> 444 | G29: =HLOOKUP(G23,'2019'!$D$57:$AC$69,$A$25,FALSE) -> 37 | H29: =HLOOKUP(H23,'2019'!$D$57:$AC$69,$A$25,FALSE) -> 27 | I29: =HLOOKUP(I23,'2019'!$D$57:$AC$69,$A$25,FALSE) -> 225 | J29: =HLOOKUP(J23,'2019'!$D$57:$AC$69,$A$25,FALSE) -> 123 | ... AB29: =HLOOKUP(AB23,'2019'!$D$57:$AC$69,$A$25,FALSE) -> 0 | AC29: =SUM(C29:AB29) -> 2577
B30: 2018 | C30: =HLOOKUP(C23,'2018'!$D$57:$AC$69,$A$25,FALSE) -> 0 | D30: =HLOOKUP(D23,'2018'!$D$57:$AC$69,$A$25,FALSE) -> 7 | E30: =HLOOKUP(E23,'2018'!$D$57:$AC$69,$A$25,FALSE) -> 15 | F30: =HLOOKUP(F23,'2018'!$D$57:$AC$69,$A$25,FALSE) -> 332 | G30: =HLOOKUP(G23,'2018'!$D$57:$AC$69,$A$25,FALSE) -> 42 | H30: =HLOOKUP(H23,'2018'!$D$57:$AC$69,$A$25,FALSE) -> 9 | I30: =HLOOKUP(I23,'2018'!$D$57:$AC$69,$A$25,FALSE) -> 184 | J30: =HLOOKUP(J23,'2018'!$D$57:$AC$69,$A$25,FALSE) -> 77 | ... AB30: =HLOOKUP(AB23,'2018'!$D$57:$AC$69,$A$25,FALSE) -> 0 | AC30: =SUM(C30:AB30) -> 1684
B31: 2017 | C31: =HLOOKUP(C23,'2017'!$D$57:$AC$69,$A$25,FALSE) -> 0 | D31: =HLOOKUP(D23,'2017'!$D$57:$AC$69,$A$25,FALSE) -> 0 | E31: =HLOOKUP(E23,'2017'!$D$57:$AC$69,$A$25,FALSE) -> 0 | F31: =HLOOKUP(F23,'2017'!$D$57:$AC$69,$A$25,FALSE) -> 83 | G31: =HLOOKUP(G23,'2017'!$D$57:$AC$69,$A$25,FALSE) -> 7 | H31: =HLOOKUP(H23,'2017'!$D$57:$AC$69,$A$25,FALSE) -> 0 | I31: =HLOOKUP(I23,'2017'!$D$57:$AC$69,$A$25,FALSE) -> 19 | J31: =HLOOKUP(J23,'2017'!$D$57:$AC$69,$A$25,FALSE) -> 74 | ... AB31: =HLOOKUP(AB23,'2017'!$D$57:$AC$69,$A$25,FALSE) -> 0 | AC31: =SUM(C31:AB31) -> 351
A34: Index | B34: HP - MFH - MoPEC 2015 - Buildings | C34: AG | D34: AI | E34: AR | F34: BE | G34: BL | H34: BS | I34: FR | J34: GE | K34: GL | L34: GR | M34: JU | N34: LU | O34: NE | P34: NW | Q34: OW | R34: SG | S34: SH | T34: SO | U34: SZ | V34: TG | W34: TI | X34: UR | Y34: VD | Z34: VS | AA34: ZG | AB34: ZH
B35: 2024 | C35: =HLOOKUP(C34,'2024'!$D$57:$AC$69,$A$36,FALSE) -> 268 | D35: =HLOOKUP(D34,'2024'!$D$57:$AC$69,$A$36,FALSE) -> 2 | E35: =HLOOKUP(E34,'2024'!$D$57:$AC$69,$A$36,FALSE) -> 32 | F35: =HLOOKUP(F34,'2024'!$D$57:$AC$69,$A$36,FALSE) -> 470 | G35: =HLOOKUP(G34,'2024'!$D$57:$AC$69,$A$36,FALSE) -> 126 | H35: =HLOOKUP(H34,'2024'!$D$57:$AC$69,$A$36,FALSE) -> 52 | I35: =HLOOKUP(I34,'2024'!$D$57:$AC$69,$A$36,FALSE) -> 101 | J35: =HLOOKUP(J34,'2024'!$D$57:$AC$69,$A$36,FALSE) -> 25 | ... AB35: =HLOOKUP(AB34,'2024'!$D$57:$AC$69,$A$36,FALSE) -> 814 | AC35: =SUM(C35:AB35) -> 3479
A36: 12 | B36: 2023 | C36: =HLOOKUP(C34,'2023'!$D$57:$AC$69,$A$36,FALSE) -> 203 | D36: =HLOOKUP(D34,'2023'!$D$57:$AC$69,$A$36,FALSE) -> 7 | E36: =HLOOKUP(E34,'2023'!$D$57:$AC$69,$A$36,FALSE) -> 16 | F36: =HLOOKUP(F34,'2023'!$D$57:$AC$69,$A$36,FALSE) -> 450 | G36: =HLOOKUP(G34,'2023'!$D$57:$AC$69,$A$36,FALSE) -> 115 | H36: =HLOOKUP(H34,'2023'!$D$57:$AC$69,$A$36,FALSE) -> 32 | I36: =HLOOKUP(I34,'2023'!$D$57:$AC$69,$A$36,FALSE) -> 110 | J36: =HLOOKUP(J34,'2023'!$D$57:$AC$69,$A$36,FALSE) -> 8 | ... AB36: =HLOOKUP(AB34,'2023'!$D$57:$AC$69,$A$36,FALSE) -> 549 | AC36: =SUM(C36:AB36) -> 2825
B37: 2022 | C37: =HLOOKUP(C34,'2022'!$D$57:$AC$69,$A$36,FALSE) -> 108 | D37: =HLOOKUP(D34,'2022'!$D$57:$AC$69,$A$36,FALSE) -> 4 | E37: =HLOOKUP(E34,'2022'!$D$57:$AC$69,$A$36,FALSE) -> 6 | F37: =HLOOKUP(F34,'2022'!$D$57:$AC$69,$A$36,FALSE) -> 273 | G37: =HLOOKUP(G34,'2022'!$D$57:$AC$69,$A$36,FALSE) -> 72 | H37: =HLOOKUP(H34,'2022'!$D$57:$AC$69,$A$36,FALSE) -> 21 | I37: =HLOOKUP(I34,'2022'!$D$57:$AC$69,$A$36,FALSE) -> 80 | J37: =HLOOKUP(J34,'2022'!$D$57:$AC$69,$A$36,FALSE) -> 3 | ... AB37: =HLOOKUP(AB34,'2022'!$D$57:$AC$69,$A$36,FALSE) -> 383 | AC37: =SUM(C37:AB37) -> 1763
B38: 2021 | C38: =HLOOKUP(C34,'2021'!$D$57:$AC$69,$A$36,FALSE) -> 38 | D38: =HLOOKUP(D34,'2021'!$D$57:$AC$69,$A$36,FALSE) -> 4 | E38: =HLOOKUP(E34,'2021'!$D$57:$AC$69,$A$36,FALSE) -> 8 | F38: =HLOOKUP(F34,'2021'!$D$57:$AC$69,$A$36,FALSE) -> 284 | G38: =HLOOKUP(G34,'2021'!$D$57:$AC$69,$A$36,FALSE) -> 48 | H38: =HLOOKUP(H34,'2021'!$D$57:$AC$69,$A$36,FALSE) -> 27 | I38: =HLOOKUP(I34,'2021'!$D$57:$AC$69,$A$36,FALSE) -> 60 | J38: =HLOOKUP(J34,'2021'!$D$57:$AC$69,$A$36,FALSE) -> 2 | ... AB38: =HLOOKUP(AB34,'2021'!$D$57:$AC$69,$A$36,FALSE) -> 215 | AC38: =SUM(C38:AB38) -> 1314
B39: 2020 | C39: =HLOOKUP(C34,'2020'!$D$57:$AC$69,$A$36,FALSE) -> 0 | D39: =HLOOKUP(D34,'2020'!$D$57:$AC$69,$A$36,FALSE) -> 3 | E39: =HLOOKUP(E34,'2020'!$D$57:$AC$69,$A$36,FALSE) -> 3 | F39: =HLOOKUP(F34,'2020'!$D$57:$AC$69,$A$36,FALSE) -> 160 | G39: =HLOOKUP(G34,'2020'!$D$57:$AC$69,$A$36,FALSE) -> 11 | H39: =HLOOKUP(H34,'2020'!$D$57:$AC$69,$A$36,FALSE) -> 11 | I39: =HLOOKUP(I34,'2020'!$D$57:$AC$69,$A$36,FALSE) -> 40 | J39: =HLOOKUP(J34,'2020'!$D$57:$AC$69,$A$36,FALSE) -> 1 | ... AB39: =HLOOKUP(AB34,'2020'!$D$57:$AC$69,$A$36,FALSE) -> 41 | AC39: =SUM(C39:AB39) -> 718
B40: 2019 | C40: =HLOOKUP(C34,'2019'!$D$57:$AC$69,$A$36,FALSE) -> 0 | D40: =HLOOKUP(D34,'2019'!$D$57:$AC$69,$A$36,FALSE) -> 4 | E40: =HLOOKUP(E34,'2019'!$D$57:$AC$69,$A$36,FALSE) -> 4 | F40: =HLOOKUP(F34,'2019'!$D$57:$AC$69,$A$36,FALSE) -> 65 | G40: =HLOOKUP(G34,'2019'!$D$57:$AC$69,$A$36,FALSE) -> 1 | H40: =HLOOKUP(H34,'2019'!$D$57:$AC$69,$A$36,FALSE) -> 4 | I40: =HLOOKUP(I34,'2019'!$D$57:$AC$69,$A$36,FALSE) -> 23 | J40: =HLOOKUP(J34,'2019'!$D$57:$AC$69,$A$36,FALSE) -> 1 | ... AB40: =HLOOKUP(AB34,'2019'!$D$57:$AC$69,$A$36,FALSE) -> 0 | AC40: =SUM(C40:AB40) -> 345
B41: 2018 | C41: =HLOOKUP(C34,'2018'!$D$57:$AC$69,$A$36,FALSE) -> 0 | D41: =HLOOKUP(D34,'2018'!$D$57:$AC$69,$A$36,FALSE) -> 4 | E41: =HLOOKUP(E34,'2018'!$D$57:$AC$69,$A$36,FALSE) -> 3 | F41: =HLOOKUP(F34,'2018'!$D$57:$AC$69,$A$36,FALSE) -> 58 | G41: =HLOOKUP(G34,'2018'!$D$57:$AC$69,$A$36,FALSE) -> 1 | H41: =HLOOKUP(H34,'2018'!$D$57:$AC$69,$A$36,FALSE) -> 1 | I41: =HLOOKUP(I34,'2018'!$D$57:$AC$69,$A$36,FALSE) -> 7 | J41: =HLOOKUP(J34,'2018'!$D$57:$AC$69,$A$36,FALSE) -> 0 | ... AB41: =HLOOKUP(AB34,'2018'!$D$57:$AC$69,$A$36,FALSE) -> 0 | AC41: =SUM(C41:AB41) -> 201
B42: 2017 | C42: =HLOOKUP(C34,'2017'!$D$57:$AC$69,$A$36,FALSE) -> 0 | D42: =HLOOKUP(D34,'2017'!$D$57:$AC$69,$A$36,FALSE) -> 0 | E42: =HLOOKUP(E34,'2017'!$D$57:$AC$69,$A$36,FALSE) -> 0 | F42: =HLOOKUP(F34,'2017'!$D$57:$AC$69,$A$36,FALSE) -> 15 | G42: =HLOOKUP(G34,'2017'!$D$57:$AC$69,$A$36,FALSE) -> 0 | H42: =HLOOKUP(H34,'2017'!$D$57:$AC$69,$A$36,FALSE) -> 0 | I42: =HLOOKUP(I34,'2017'!$D$57:$AC$69,$A$36,FALSE) -> 6 | J42: =HLOOKUP(J34,'2017'!$D$57:$AC$69,$A$36,FALSE) -> 0 | ... AB42: =HLOOKUP(AB34,'2017'!$D$57:$AC$69,$A$36,FALSE) -> 0 | AC42: =SUM(C42:AB42) -> 56
AC51: =SUM(C51:AB51) -> 0
AC52: =SUM(C52:AB52) -> 0 | AE52: 226620.56 | AG52: =AE52/AC25 -> 11.350323
AC53: =SUM(C53:AB53) -> 0 | AE53: 139694.56 | AG53: =AE53/AC26 -> 10.936707
AC54: =SUM(C54:AB54) -> 0 | AE54: 91832.521 | AG54: =AE54/AC27 -> 10.018822
AC55: =SUM(C55:AB55) -> 0 | AE55: 46980.71 | AG55: =AE55/AC28 -> 9.8162787
AC56: =SUM(C56:AB56) -> 0 | AE56: 24265.078 | AG56: =AE56/AC29 -> 9.4160179
AC57: =SUM(C57:AB57) -> 0 | AE57: 16757.08 | AG57: =AE57/AC30 -> 9.9507601
AC58: =SUM(C58:AB58) -> 0 | AE58: 9734.282 | AG58: =AE58/AC31 -> 27.732997

Sheet 2024
A1: SFH
A2: Measure | B2: Unit | C2: CH | D2: ZH | E2: BE | F2: LU | G2: UR | H2: SZ | I2: OW | J2: NW | K2: GL | L2: ZG | M2: FR | N2: SO | O2: BS | P2: BL | Q2: SH | R2: AR | S2: AI | T2: SG | U2: GR | V2: AG | W2: TG | X2: TI | Y2: VD | Z2: VS | AA2: NE | AB2: GE | AC2: JU
A3: Wood/pellet with daily tank | B3: - | C3: 138 | D3: 0 | E3: 0 | F3: 4 | G3: 1 | H3: 5 | I3: 2 | J3: 0 | K3: 7 | L3: 0 | M3: 9 | N3: 6 | O3: 0 | P3: 9 | Q3: 4 | R3: 5 | S3: 0 | T3: 4 | U3: 24 | V3: 14 | W3: 10 | X3: 14 | Y3: 11 | Z3: 5 | AA3: 0 | AB3: 0 | AC3: 4
A4: Automatic wood heating, heat output ≤ 70 kW | B4: - | C4: 406 | D4: 0 | E4: 126 | F4: 8 | G4: 1 | H4: 0 | I4: 0 | J4: 0 | K4: 4 | L4: 0 | M4: 15 | N4: 20 | O4: 6 | P4: 11 | Q4: 8 | R4: 1 | S4: 1 | T4: 0 | U4: 28 | V4: 15 | W4: 15 | X4: 9 | Y4: 70 | Z4: 15 | AA4: 42 | AB4: 0 | AC4: 11
A5: Automatic wood heating, heat output > 70 kW | B5: - | C5: 2 | D5: 0 | E5: 0 | F5: 0 | G5: 0 | H5: 0 | I5: 0 | J5: 0 | K5: 0 | L5: 0 | M5: 0 | N5: 0 | O5: 0 | P5: 1 | Q5: 0 | R5: 0 | S5: 0 | T5: 0 | U5: 0 | V5: 0 | W5: 0 | X5: 0 | Y5: 1 | Z5: 0 | AA5: 0 | AB5: 0 | AC5: 0
A6: HP air-water | B6: - | C6: 13708 | D6: 1651 | E6: 1780 | F6: 403 | G6: 14 | H6: 168 | I6: 8 | J6: 23 | K6: 135 | L6: 64 | M6: 629 | N6: 698 | O6: 176 | P6: 898 | Q6: 107 | R6: 173 | S6: 23 | T6: 719 | U6: 257 | V6: 1340 | W6: 510 | X6: 946 | Y6: 1119 | Z6: 717 | AA6: 387 | AB6: 621 | AC6: 142
A7: HP electric (brine/water, water/water) | B7: - | C7: 4045 | D7: 1139 | E7: 324 | F7: 344 | G7: 1 | H7: 42 | I7: 5 | J7: 1 | K7: 3 | L7: 90 | M7: 204 | N7: 127 | O7: 192 | P7: 76 | Q7: 28 | R7: 27 | S7: 13 | T7: 314 | U7: 99 | V7: 276 | W7: 307 | X7: 25 | Y7: 357 | Z7: 26 | AA7: 10 | AB7: 10 | AC7: 5
A8: DH | B8: - | C8: 1138 | D8: 169 | E8: 281 | F8: 48 | G8: 3 | H8: 91 | I8: 5 | J8: 4 | K8: 8 | L8: 3 | M8: 54 | N8: 22 | O8: 59 | P8: 11 | Q8: 66 | R8: 15 | S8: 2 | T8: 5 | U8: 26 | V8: 34 | W8: 68 | X8: 48 | Y8: 22 | Z8: 39 | AA8: 54 | AB8: 1 | AC8: 0
A9: ST | B9: - | C9: 320 | D9: 15 | E9: 34 | F9: 15 | G9: 1 | H9: 3 | I9: 0 | J9: 1 | K9: 7 | L9: 0 | M9: 9 | N9: 8 | O9: 2 | P9: 6 | Q9: 1 | R9: 3 | S9: 1 | T9: 0 | U9: 15 | V9: 13 | W9: 15 | X9: 13 | Y9: 113 | Z9: 10 | AA9: 10 | AB9: 13 | AC9: 12
A10: Ventilation and heat recovery | B10: - | C10: 11 | D10: 0 | E10: 1 | F10: 0 | G10: 0 | H10: 0 | I10: 0 | J10: 0 | K10: 0 | L10: 0 | M10: 0 | N10: 0 | O10: 2 | P10: 0 | Q10: 2 | R10: 0 | S10: 0 | T10: 0 | U10: 1 | V10: 0 | W10: 1 | X10: 0 | Y10: 4 | Z10: 0 | AA10: 0 | AB10: 0 | AC10: 0
A12: MFH
A13: Measure | B13: Unit | C13: CH | D13: ZH | E13: BE | F13: LU | G13: UR | H13: SZ | I13: OW | J13: NW | K13: GL | L13: ZG | M13: FR | N13: SO | O13: BS | P13: BL | Q13: SH | R13: AR | S13: AI | T13: SG | U13: GR | V13: AG | W13: TG | X13: TI | Y13: VD | Z13: VS | AA13: NE | AB13: GE | AC13: JU
A14: Wood/pellet with daily tank | B14: - | C14: 30 | D14: 0 | E14: 0 | F14: 3 | G14: 1 | H14: 4 | I14: 4 | J14: 0 | K14: 0 | L14: 0 | M14: 0 | N14: 2 | O14: 0 | P14: 1 | Q14: 1 | R14: 1 | S14: 0 | T14: 0 | U14: 6 | V14: 3 | W14: 3 | X14: 0 | Y14: 0 | Z14: 0 | AA14: 0 | AB14: 0 | AC14: 1
A15: Automatic wood heating, heat output ≤ 70 kW | B15: - | C15: 195 | D15: 0 | E15: 33 | F15: 8 | G15: 2 | H15: 2 | I15: 0 | J15: 3 | K15: 2 | L15: 0 | M15: 6 | N15: 9 | O15: 6 | P15: 5 | Q15: 3 | R15: 1 | S15: 1 | T15: 0 | U15: 32 | V15: 4 | W15: 12 | X15: 4 | Y15: 31 | Z15: 3 | AA15: 23 | AB15: 0 | AC15: 5
A16: Automatic wood heating, heat output > 70 kW | B16: - | C16: 32 | D16: 0 | E16: 8 | F16: 1 | G16: 0 | H16: 1 | I16: 0 | J16: 0 | K16: 0 | L16: 2 | M16: 0 | N16: 0 | O16: 0 | P16: 3 | Q16: 1 | R16: 0 | S16: 0 | T16: 0 | U16: 6 | V16: 0 | W16: 2 | X16: 2 | Y16: 2 | Z16: 3 | AA16: 1 | AB16: 0 | AC16: 0
A17: HP air-water | B17: - | C17: 1895 | D17: 305 | E17: 346 | F17: 108 | G17: 7 | H17: 71 | I17: 1 | J17: 29 | K17: 12 | L17: 32 | M17: 58 | N17: 98 | O17: 30 | P17: 96 | Q17: 17 | R17: 26 | S17: 1 | T17: 26 | U17: 102 | V17: 159 | W17: 58 | X17: 70 | Y17: 90 | Z17: 64 | AA17: 46 | AB17: 25 | AC17: 18
A18: HP electric (brine/water, water/water) | B18: - | C18: 1584 | D18: 509 | E18: 124 | F18: 230 | G18: 5 | H18: 27 | I18: 3 | J18: 15 | K18: 6 | L18: 109 | M18: 43 | N18: 34 | O18: 22 | P18: 30 | Q18: 10 | R18: 6 | S18: 1 | T18: 59 | U18: 97 | V18: 109 | W18: 68 | X18: 13 | Y18: 48 | Z18: 13 | AA18: 2 | AB18: 0 | AC18: 1
A19: DH | B19: - | C19: 1734 | D19: 333 | E19: 321 | F19: 89 | G19: 15 | H19: 94 | I19: 13 | J19: 16 | K19: 12 | L19: 37 | M19: 83 | N19: 37 | O19: 140 | P19: 35 | Q19: 57 | R19: 13 | S19: 1 | T19: 1 | U19: 60 | V19: 115 | W19: 44 | X19: 20 | Y19: 76 | Z19: 67 | AA19: 55 | AB19: 0 | AC19: 0
A20: ST | B20: - | C20: 148 | D20: 4 | E20: 25 | F20: 9 | G20: 0 | H20: 6 | I20: 0 | J20: 0 | K20: 1 | L20: 0 | M20: 3 | N20: 1 | O20: 1 | P20: 0 | Q20: 1 | R20: 2 | S20: 0 | T20: 1 | U20: 14 | V20: 6 | W20: 1 | X20: 6 | Y20: 40 | Z20: 1 | AA20: 7 | AB20: 16 | AC20: 3
A21: Ventilation and heat recovery | B21: - | C21: 12 | D21: 0 | E21: 1 | F21: 0 | G21: 0 | H21: 0 | I21: 0 | J21: 0 | K21: 0 | L21: 0 | M21: 0 | N21: 0 | O21: 1 | P21: 0 | Q21: 0 | R21: 0 | S21: 0 | T21: 0 | U21: 5 | V21: 0 | W21: 0 | X21: 0 | Y21: 2 | Z21: 0 | AA21: 0 | AB21: 3 | AC21: 0
A23: Non Res
A24: Measure | B24: Unit | C24: CH | D24: ZH | E24: BE | F24: LU | G24: UR | H24: SZ | I24: OW | J24: NW | K24: GL | L24: ZG | M24: FR | N24: SO | O24: BS | P24: BL | Q24: SH | R24: AR | S24: AI | T24: SG | U24: GR | V24: AG | W24: TG | X24: TI | Y24: VD | Z24: VS | AA24: NE | AB24: GE | AC24: JU
A25: Wood/pellet with daily tank | B25: - | C25: 4 | D25: 0 | E25: 0 | F25: 0 | G25: 0 | H25: 0 | I25: 0 | J25: 0 | K25: 1 | L25: 0 | M25: 0 | N25: 0 | O25: 0 | P25: 0 | Q25: 0 | R25: 0 | S25: 0 | T25: 0 | U25: 1 | V25: 0 | W25: 1 | X25: 1 | Y25: 0 | Z25: 0 | AA25: 0 | AB25: 0 | AC25: 0
A26: Automatic wood heating, heat output ≤ 70 kW | B26: - | C26: 33 | D26: 0 | E26: 8 | F26: 1 | G26: 0 | H26: 0 | I26: 0 | J26: 1 | K26: 1 | L26: 0 | M26: 2 | N26: 4 | O26: 0 | P26: 2 | Q26: 0 | R26: 2 | S26: 0 | T26: 0 | U26: 3 | V26: 1 | W26: 3 | X26: 0 | Y26: 2 | Z26: 2 | AA26: 1 | AB26: 0 | AC26: 0
A27: Automatic wood heating, heat output > 70 kW | B27: - | C27: 13 | D27: 0 | E27: 2 | F27: 2 | G27: 0 | H27: 0 | I27: 0 | J27: 0 | K27: 0 | L27: 0 | M27: 1 | N27: 0 | O27: 0 | P27: 1 | Q27: 0 | R27: 0 | S27: 0 | T27: 1 | U27: 1 | V27: 0 | W27: 2 | X27: 0 | Y27: 1 | Z27: 2 | AA27: 0 | AB27: 0 | AC27: 0
A28: HP air-water | B28: - | C28: 241 | D28: 34 | E28: 30 | F28: 10 | G28: 2 | H28: 5 | I28: 0 | J28: 1 | K28: 2 | L28: 4 | M28: 4 | N28: 14 | O28: 1 | P28: 14 | Q28: 8 | R28: 1 | S28: 1 | T28: 4 | U28: 7 | V28: 26 | W28: 22 | X28: 15 | Y28: 9 | Z28: 10 | AA28: 4 | AB28: 3 | AC28: 10
A29: HP electric (brine/water, water/water) | B29: - | C29: 123 | D29: 18 | E29: 8 | F29: 12 | G29: 0 | H29: 5 | I29: 0 | J29: 1 | K29: 1 | L29: 0 | M29: 1 | N29: 7 | O29: 1 | P29: 1 | Q29: 2 | R29: 1 | S29: 1 | T29: 10 | U29: 4 | V29: 9 | W29: 23 | X29: 6 | Y29: 7 | Z29: 3 | AA29: 0 | AB29: 2 | AC29: 0
A30: DH | B30: - | C30: 312 | D30: 37 | E30: 47 | F30: 19 | G30: 2 | H30: 24 | I30: 0 | J30: 4 | K30: 8 | L30: 15 | M30: 16 | N30: 10 | O30: 12 | P30: 8 | Q30: 20 | R30: 0 | S30: 0 | T30: 0 | U30: 9 | V30: 25 | W30: 14 | X30: 8 | Y30: 16 | Z30: 16 | AA30: 1 | AB30: 1 | AC30: 0
A31: ST | B31: - | C31: 10 | D31: 0 | E31: 2 | F31: 1 | G31: 0 | H31: 0 | I31: 0 | J31: 0 | K31: 0 | L31: 0 | M31: 1 | N31: 0 | O31: 0 | P31: 0 | Q31: 0 | R31: 0 | S31: 0 | T31: 0 | U31: 1 | V31: 0 | W31: 0 | X31: 2 | Y31: 1 | Z31: 1 | AA31: 0 | AB31: 1 | AC31: 0
A32: Ventilation and heat recovery | B32: - | C32: 0 | D32: 0 | E32: 0 | F32: 0 | G32: 0 | H32: 0 | I32: 0 | J32: 0 | K32: 0 | L32: 0 | M32: 0 | N32: 0 | O32: 0 | P32: 0 | Q32: 0 | R32: 0 | S32: 0 | T32: 0 | U32: 0 | V32: 0 | W32: 0 | X32: 0 | Y32: 0 | Z32: 0 | AA32: 0 | AB32: 0 | AC32: 0
A34: SFH
A35: Measure | B35: Index | D35: AG | E35: AI | F35: AR | G35: BE | H35: BL | I35: BS | J35: FR | K35: GE | L35: GL | M35: GR | N35: JU | O35: LU | P35: NE | Q35: NW | R35: OW | S35: SG | T35: SH | U35: SO | V35: SZ | W35: TG | X35: TI | Y35: UR | Z35: VD | AA35: VS | AB35: ZG | AC35: ZH
A36: Wood/pellet with daily tank | B36: 2 | D36: =HLOOKUP(D$35,$D$2:$AC$10,$B36,FALSE) -> 14 | E36: =HLOOKUP(E$35,$D$2:$AC$10,$B36,FALSE) -> 0 | F36: =HLOOKUP(F$35,$D$2:$AC$10,$B36,FALSE) -> 5 | G36: =HLOOKUP(G$35,$D$2:$AC$10,$B36,FALSE) -> 0 | H36: =HLOOKUP(H$35,$D$2:$AC$10,$B36,FALSE) -> 9 | I36: =HLOOKUP(I$35,$D$2:$AC$10,$B36,FALSE) -> 0 | J36: =HLOOKUP(J$35,$D$2:$AC$10,$B36,FALSE) -> 9 | K36: =HLOOKUP(K$35,$D$2:$AC$10,$B36,FALSE) -> 0 | ... AC36: =HLOOKUP(AC$35,$D$2:$AC$10,$B36,FALSE) -> 0
A37: Automatic wood heating, heat output ≤ 70 kW | B37: 3 | D37: =HLOOKUP(D$35,$D$2:$AC$10,$B37,FALSE) -> 15 | E37: =HLOOKUP(E$35,$D$2:$AC$10,$B37,FALSE) -> 1 | F37: =HLOOKUP(F$35,$D$2:$AC$10,$B37,FALSE) -> 1 | G37: =HLOOKUP(G$35,$D$2:$AC$10,$B37,FALSE) -> 126 | H37: =HLOOKUP(H$35,$D$2:$AC$10,$B37,FALSE) -> 11 | I37: =HLOOKUP(I$35,$D$2:$AC$10,$B37,FALSE) -> 6 | J37: =HLOOKUP(J$35,$D$2:$AC$10,$B37,FALSE) -> 15 | K37: =HLOOKUP(K$35,$D$2:$AC$10,$B37,FALSE) -> 0 | ... AC37: =HLOOKUP(AC$35,$D$2:$AC$10,$B37,FALSE) -> 0
A38: Automatic wood heating, heat output > 70 kW | B38: 4 | D38: =HLOOKUP(D$35,$D$2:$AC$10,$B38,FALSE) -> 0 | E38: =HLOOKUP(E$35,$D$2:$AC$10,$B38,FALSE) -> 0 | F38: =HLOOKUP(F$35,$D$2:$AC$10,$B38,FALSE) -> 0 | G38: =HLOOKUP(G$35,$D$2:$AC$10,$B38,FALSE) -> 0 | H38: =HLOOKUP(H$35,$D$2:$AC$10,$B38,FALSE) -> 1 | I38: =HLOOKUP(I$35,$D$2:$AC$10,$B38,FALSE) -> 0 | J38: =HLOOKUP(J$35,$D$2:$AC$10,$B38,FALSE) -> 0 | K38: =HLOOKUP(K$35,$D$2:$AC$10,$B38,FALSE) -> 0 | ... AC38: =HLOOKUP(AC$35,$D$2:$AC$10,$B38,FALSE) -> 0
A39: HP air-water | B39: 5 | D39: =HLOOKUP(D$35,$D$2:$AC$10,$B39,FALSE) -> 1340 | E39: =HLOOKUP(E$35,$D$2:$AC$10,$B39,FALSE) -> 23 | F39: =HLOOKUP(F$35,$D$2:$AC$10,$B39,FALSE) -> 173 | G39: =HLOOKUP(G$35,$D$2:$AC$10,$B39,FALSE) -> 1780 | H39: =HLOOKUP(H$35,$D$2:$AC$10,$B39,FALSE) -> 898 | I39: =HLOOKUP(I$35,$D$2:$AC$10,$B39,FALSE) -> 176 | J39: =HLOOKUP(J$35,$D$2:$AC$10,$B39,FALSE) -> 629 | K39: =HLOOKUP(K$35,$D$2:$AC$10,$B39,FALSE) -> 621 | ... AC39: =HLOOKUP(AC$35,$D$2:$AC$10,$B39,FALSE) -> 1651
A40: HP electric (brine/water, water/water) | B40: 6 | D40: =HLOOKUP(D$35,$D$2:$AC$10,$B40,FALSE) -> 276 | E40: =HLOOKUP(E$35,$D$2:$AC$10,$B40,FALSE) -> 13 | F40: =HLOOKUP(F$35,$D$2:$AC$10,$B40,FALSE) -> 27 | G40: =HLOOKUP(G$35,$D$2:$AC$10,$B40,FALSE) -> 324 | H40: =HLOOKUP(H$35,$D$2:$AC$10,$B40,FALSE) -> 76 | I40: =HLOOKUP(I$35,$D$2:$AC$10,$B40,FALSE) -> 192 | J40: =HLOOKUP(J$35,$D$2:$AC$10,$B40,FALSE) -> 204 | K40: =HLOOKUP(K$35,$D$2:$AC$10,$B40,FALSE) -> 10 | ... AC40: =HLOOKUP(AC$35,$D$2:$AC$10,$B40,FALSE) -> 1139
A41: DH | B41: 7 | D41: =HLOOKUP(D$35,$D$2:$AC$10,$B41,FALSE) -> 34 | E41: =HLOOKUP(E$35,$D$2:$AC$10,$B41,FALSE) -> 2 | F41: =HLOOKUP(F$35,$D$2:$AC$10,$B41,FALSE) -> 15 | G41: =HLOOKUP(G$35,$D$2:$AC$10,$B41,FALSE) -> 281 | H41: =HLOOKUP(H$35,$D$2:$AC$10,$B41,FALSE) -> 11 | I41: =HLOOKUP(I$35,$D$2:$AC$10,$B41,FALSE) -> 59 | J41: =HLOOKUP(J$35,$D$2:$AC$10,$B41,FALSE) -> 54 | K41: =HLOOKUP(K$35,$D$2:$AC$10,$B41,FALSE) -> 1 | ... AC41: =HLOOKUP(AC$35,$D$2:$AC$10,$B41,FALSE) -> 169
A42: ST | B42: 8 | D42: =HLOOKUP(D$35,$D$2:$AC$10,$B42,FALSE) -> 13 | E42: =HLOOKUP(E$35,$D$2:$AC$10,$B42,FALSE) -> 1 | F42: =HLOOKUP(F$35,$D$2:$AC$10,$B42,FALSE) -> 3 | G42: =HLOOKUP(G$35,$D$2:$AC$10,$B42,FALSE) -> 34 | H42: =HLOOKUP(H$35,$D$2:$AC$10,$B42,FALSE) -> 6 | I42: =HLOOKUP(I$35,$D$2:$AC$10,$B42,FALSE) -> 2 | J42: =HLOOKUP(J$35,$D$2:$AC$10,$B42,FALSE) -> 9 | K42: =HLOOKUP(K$35,$D$2:$AC$10,$B42,FALSE) -> 13 | ... AC42: =HLOOKUP(AC$35,$D$2:$AC$10,$B42,FALSE) -> 15
A43: Ventilation and heat recovery | B43: 9 | D43: =HLOOKUP(D$35,$D$2:$AC$10,$B43,FALSE) -> 0 | E43: =HLOOKUP(E$35,$D$2:$AC$10,$B43,FALSE) -> 0 | F43: =HLOOKUP(F$35,$D$2:$AC$10,$B43,FALSE) -> 0 | G43: =HLOOKUP(G$35,$D$2:$AC$10,$B43,FALSE) -> 1 | H43: =HLOOKUP(H$35,$D$2:$AC$10,$B43,FALSE) -> 0 | I43: =HLOOKUP(I$35,$D$2:$AC$10,$B43,FALSE) -> 2 | J43: =HLOOKUP(J$35,$D$2:$AC$10,$B43,FALSE) -> 0 | K43: =HLOOKUP(K$35,$D$2:$AC$10,$B43,FALSE) -> 0 | ... AC43: =HLOOKUP(AC$35,$D$2:$AC$10,$B43,FALSE) -> 0
A45: MFH
A46: Measure | B46: Index | D46: AG | E46: AI | F46: AR | G46: BE | H46: BL | I46: BS | J46: FR | K46: GE | L46: GL | M46: GR | N46: JU | O46: LU | P46: NE | Q46: NW | R46: OW | S46: SG | T46: SH | U46: SO | V46: SZ | W46: TG | X46: TI | Y46: UR | Z46: VD | AA46: VS | AB46: ZG | AC46: ZH
A47: Wood/pellet with daily tank | B47: 2 | D47: =HLOOKUP(D$46,$D$13:$AC$21,$B47,FALSE) -> 3 | E47: =HLOOKUP(E$46,$D$13:$AC$21,$B47,FALSE) -> 0 | F47: =HLOOKUP(F$46,$D$13:$AC$21,$B47,FALSE) -> 1 | G47: =HLOOKUP(G$46,$D$13:$AC$21,$B47,FALSE) -> 0 | H47: =HLOOKUP(H$46,$D$13:$AC$21,$B47,FALSE) -> 1 | I47: =HLOOKUP(I$46,$D$13:$AC$21,$B47,FALSE) -> 0 | J47: =HLOOKUP(J$46,$D$13:$AC$21,$B47,FALSE) -> 0 | K47: =HLOOKUP(K$46,$D$13:$AC$21,$B47,FALSE) -> 0 | ... AC47: =HLOOKUP(AC$46,$D$13:$AC$21,$B47,FALSE) -> 0
A48: Automatic wood heating, heat output ≤ 70 kW | B48: 3 | D48: =HLOOKUP(D$46,$D$13:$AC$21,$B48,FALSE) -> 4 | E48: =HLOOKUP(E$46,$D$13:$AC$21,$B48,FALSE) -> 1 | F48: =HLOOKUP(F$46,$D$13:$AC$21,$B48,FALSE) -> 1 | G48: =HLOOKUP(G$46,$D$13:$AC$21,$B48,FALSE) -> 33 | H48: =HLOOKUP(H$46,$D$13:$AC$21,$B48,FALSE) -> 5 | I48: =HLOOKUP(I$46,$D$13:$AC$21,$B48,FALSE) -> 6 | J48: =HLOOKUP(J$46,$D$13:$AC$21,$B48,FALSE) -> 6 | K48: =HLOOKUP(K$46,$D$13:$AC$21,$B48,FALSE) -> 0 | ... AC48: =HLOOKUP(AC$46,$D$13:$AC$21,$B48,FALSE) -> 0
A49: Automatic wood heating, heat output > 70 kW | B49: 4 | D49: =HLOOKUP(D$46,$D$13:$AC$21,$B49,FALSE) -> 0 | E49: =HLOOKUP(E$46,$D$13:$AC$21,$B49,FALSE) -> 0 | F49: =HLOOKUP(F$46,$D$13:$AC$21,$B49,FALSE) -> 0 | G49: =HLOOKUP(G$46,$D$13:$AC$21,$B49,FALSE) -> 8 | H49: =HLOOKUP(H$46,$D$13:$AC$21,$B49,FALSE) -> 3 | I49: =HLOOKUP(I$46,$D$13:$AC$21,$B49,FALSE) -> 0 | J49: =HLOOKUP(J$46,$D$13:$AC$21,$B49,FALSE) -> 0 | K49: =HLOOKUP(K$46,$D$13:$AC$21,$B49,FALSE) -> 0 | ... AC49: =HLOOKUP(AC$46,$D$13:$AC$21,$B49,FALSE) -> 0
A50: HP air-water | B50: 5 | D50: =HLOOKUP(D$46,$D$13:$AC$21,$B50,FALSE) -> 159 | E50: =HLOOKUP(E$46,$D$13:$AC$21,$B50,FALSE) -> 1 | F50: =HLOOKUP(F$46,$D$13:$AC$21,$B50,FALSE) -> 26 | G50: =HLOOKUP(G$46,$D$13:$AC$21,$B50,FALSE) -> 346 | H50: =HLOOKUP(H$46,$D$13:$AC$21,$B50,FALSE) -> 96 | I50: =HLOOKUP(I$46,$D$13:$AC$21,$B50,FALSE) -> 30 | J50: =HLOOKUP(J$46,$D$13:$AC$21,$B50,FALSE) -> 58 | K50: =HLOOKUP(K$46,$D$13:$AC$21,$B50,FALSE) -> 25 | ... AC50: =HLOOKUP(AC$46,$D$13:$AC$21,$B50,FALSE) -> 305
A51: HP electric (brine/water, water/water) | B51: 6 | D51: =HLOOKUP(D$46,$D$13:$AC$21,$B51,FALSE) -> 109 | E51: =HLOOKUP(E$46,$D$13:$AC$21,$B51,FALSE) -> 1 | F51: =HLOOKUP(F$46,$D$13:$AC$21,$B51,FALSE) -> 6 | G51: =HLOOKUP(G$46,$D$13:$AC$21,$B51,FALSE) -> 124 | H51: =HLOOKUP(H$46,$D$13:$AC$21,$B51,FALSE) -> 30 | I51: =HLOOKUP(I$46,$D$13:$AC$21,$B51,FALSE) -> 22 | J51: =HLOOKUP(J$46,$D$13:$AC$21,$B51,FALSE) -> 43 | K51: =HLOOKUP(K$46,$D$13:$AC$21,$B51,FALSE) -> 0 | ... AC51: =HLOOKUP(AC$46,$D$13:$AC$21,$B51,FALSE) -> 509
A52: DH | B52: 7 | D52: =HLOOKUP(D$46,$D$13:$AC$21,$B52,FALSE) -> 115 | E52: =HLOOKUP(E$46,$D$13:$AC$21,$B52,FALSE) -> 1 | F52: =HLOOKUP(F$46,$D$13:$AC$21,$B52,FALSE) -> 13 | G52: =HLOOKUP(G$46,$D$13:$AC$21,$B52,FALSE) -> 321 | H52: =HLOOKUP(H$46,$D$13:$AC$21,$B52,FALSE) -> 35 | I52: =HLOOKUP(I$46,$D$13:$AC$21,$B52,FALSE) -> 140 | J52: =HLOOKUP(J$46,$D$13:$AC$21,$B52,FALSE) -> 83 | K52: =HLOOKUP(K$46,$D$13:$AC$21,$B52,FALSE) -> 0 | ... AC52: =HLOOKUP(AC$46,$D$13:$AC$21,$B52,FALSE) -> 333
A53: ST | B53: 8 | D53: =HLOOKUP(D$46,$D$13:$AC$21,$B53,FALSE) -> 6 | E53: =HLOOKUP(E$46,$D$13:$AC$21,$B53,FALSE) -> 0 | F53: =HLOOKUP(F$46,$D$13:$AC$21,$B53,FALSE) -> 2 | G53: =HLOOKUP(G$46,$D$13:$AC$21,$B53,FALSE) -> 25 | H53: =HLOOKUP(H$46,$D$13:$AC$21,$B53,FALSE) -> 0 | I53: =HLOOKUP(I$46,$D$13:$AC$21,$B53,FALSE) -> 1 | J53: =HLOOKUP(J$46,$D$13:$AC$21,$B53,FALSE) -> 3 | K53: =HLOOKUP(K$46,$D$13:$AC$21,$B53,FALSE) -> 16 | ... AC53: =HLOOKUP(AC$46,$D$13:$AC$21,$B53,FALSE) -> 4
A54: Ventilation and heat recovery | B54: 9 | D54: =HLOOKUP(D$46,$D$13:$AC$21,$B54,FALSE) -> 0 | E54: =HLOOKUP(E$46,$D$13:$AC$21,$B54,FALSE) -> 0 | F54: =HLOOKUP(F$46,$D$13:$AC$21,$B54,FALSE) -> 0 | G54: =HLOOKUP(G$46,$D$13:$AC$21,$B54,FALSE) -> 1 | H54: =HLOOKUP(H$46,$D$13:$AC$21,$B54,FALSE) -> 0 | I54: =HLOOKUP(I$46,$D$13:$AC$21,$B54,FALSE) -> 1 | J54: =HLOOKUP(J$46,$D$13:$AC$21,$B54,FALSE) -> 0 | K54: =HLOOKUP(K$46,$D$13:$AC$21,$B54,FALSE) -> 3 | ... AC54: =HLOOKUP(AC$46,$D$13:$AC$21,$B54,FALSE) -> 0
A56: Non Res
A57: Measure | B57: Index | D57: AG | E57: AI | F57: AR | G57: BE | H57: BL | I57: BS | J57: FR | K57: GE | L57: GL | M57: GR | N57: JU | O57: LU | P57: NE | Q57: NW | R57: OW | S57: SG | T57: SH | U57: SO | V57: SZ | W57: TG | X57: TI | Y57: UR | Z57: VD | AA57: VS | AB57: ZG | AC57: ZH
A58: Wood/pellet with daily tank | B58: 2 | D58: =HLOOKUP(D$57,$D$24:$AC$32,$B58,FALSE) -> 0 | E58: =HLOOKUP(E$57,$D$24:$AC$32,$B58,FALSE) -> 0 | F58: =HLOOKUP(F$57,$D$24:$AC$32,$B58,FALSE) -> 0 | G58: =HLOOKUP(G$57,$D$24:$AC$32,$B58,FALSE) -> 0 | H58: =HLOOKUP(H$57,$D$24:$AC$32,$B58,FALSE) -> 0 | I58: =HLOOKUP(I$57,$D$24:$AC$32,$B58,FALSE) -> 0 | J58: =HLOOKUP(J$57,$D$24:$AC$32,$B58,FALSE) -> 0 | K58: =HLOOKUP(K$57,$D$24:$AC$32,$B58,FALSE) -> 0 | ... AC58: =HLOOKUP(AC$57,$D$24:$AC$32,$B58,FALSE) -> 0
A59: Automatic wood heating, heat output ≤ 70 kW | B59: 3 | D59: =HLOOKUP(D$57,$D$24:$AC$32,$B59,FALSE) -> 1 | E59: =HLOOKUP(E$57,$D$24:$AC$32,$B59,FALSE) -> 0 | F59: =HLOOKUP(F$57,$D$24:$AC$32,$B59,FALSE) -> 2 | G59: =HLOOKUP(G$57,$D$24:$AC$32,$B59,FALSE) -> 8 | H59: =HLOOKUP(H$57,$D$24:$AC$32,$B59,FALSE) -> 2 | I59: =HLOOKUP(I$57,$D$24:$AC$32,$B59,FALSE) -> 0 | J59: =HLOOKUP(J$57,$D$24:$AC$32,$B59,FALSE) -> 2 | K59: =HLOOKUP(K$57,$D$24:$AC$32,$B59,FALSE) -> 0 | ... AC59: =HLOOKUP(AC$57,$D$24:$AC$32,$B59,FALSE) -> 0
A60: Automatic wood heating, heat output > 70 kW | B60: 4 | D60: =HLOOKUP(D$57,$D$24:$AC$32,$B60,FALSE) -> 0 | E60: =HLOOKUP(E$57,$D$24:$AC$32,$B60,FALSE) -> 0 | F60: =HLOOKUP(F$57,$D$24:$AC$32,$B60,FALSE) -> 0 | G60: =HLOOKUP(G$57,$D$24:$AC$32,$B60,FALSE) -> 2 | H60: =HLOOKUP(H$57,$D$24:$AC$32,$B60,FALSE) -> 1 | I60: =HLOOKUP(I$57,$D$24:$AC$32,$B60,FALSE) -> 0 | J60: =HLOOKUP(J$57,$D$24:$AC$32,$B60,FALSE) -> 1 | K60: =HLOOKUP(K$57,$D$24:$AC$32,$B60,FALSE) -> 0 | ... AC60: =HLOOKUP(AC$57,$D$24:$AC$32,$B60,FALSE) -> 0
A61: HP air-water | B61: 5 | D61: =HLOOKUP(D$57,$D$24:$AC$32,$B61,FALSE) -> 26 | E61: =HLOOKUP(E$57,$D$24:$AC$32,$B61,FALSE) -> 1 | F61: =HLOOKUP(F$57,$D$24:$AC$32,$B61,FALSE) -> 1 | G61: =HLOOKUP(G$57,$D$24:$AC$32,$B61,FALSE) -> 30 | H61: =HLOOKUP(H$57,$D$24:$AC$32,$B61,FALSE) -> 14 | I61: =HLOOKUP(I$57,$D$24:$AC$32,$B61,FALSE) -> 1 | J61: =HLOOKUP(J$57,$D$24:$AC$32,$B61,FALSE) -> 4 | K61: =HLOOKUP(K$57,$D$24:$AC$32,$B61,FALSE) -> 3 | ... AC61: =HLOOKUP(AC$57,$D$24:$AC$32,$B61,FALSE) -> 34
A62: HP electric (brine/water, water/water) | B62: 6 | D62: =HLOOKUP(D$57,$D$24:$AC$32,$B62,FALSE) -> 9 | E62: =HLOOKUP(E$57,$D$24:$AC$32,$B62,FALSE) -> 1 | F62: =HLOOKUP(F$57,$D$24:$AC$32,$B62,FALSE) -> 1 | G62: =HLOOKUP(G$57,$D$24:$AC$32,$B62,FALSE) -> 8 | H62: =HLOOKUP(H$57,$D$24:$AC$32,$B62,FALSE) -> 1 | I62: =HLOOKUP(I$57,$D$24:$AC$32,$B62,FALSE) -> 1 | J62: =HLOOKUP(J$57,$D$24:$AC$32,$B62,FALSE) -> 1 | K62: =HLOOKUP(K$57,$D$24:$AC$32,$B62,FALSE) -> 2 | ... AC62: =HLOOKUP(AC$57,$D$24:$AC$32,$B62,FALSE) -> 18
A63: DH | B63: 7 | D63: =HLOOKUP(D$57,$D$24:$AC$32,$B63,FALSE) -> 25 | E63: =HLOOKUP(E$57,$D$24:$AC$32,$B63,FALSE) -> 0 | F63: =HLOOKUP(F$57,$D$24:$AC$32,$B63,FALSE) -> 0 | G63: =HLOOKUP(G$57,$D$24:$AC$32,$B63,FALSE) -> 47 | H63: =HLOOKUP(H$57,$D$24:$AC$32,$B63,FALSE) -> 8 | I63: =HLOOKUP(I$57,$D$24:$AC$32,$B63,FALSE) -> 12 | J63: =HLOOKUP(J$57,$D$24:$AC$32,$B63,FALSE) -> 16 | K63: =HLOOKUP(K$57,$D$24:$AC$32,$B63,FALSE) -> 1 | ... AC63: =HLOOKUP(AC$57,$D$24:$AC$32,$B63,FALSE) -> 37
A64: ST | B64: 8 | D64: =HLOOKUP(D$57,$D$24:$AC$32,$B64,FALSE) -> 0 | E64: =HLOOKUP(E$57,$D$24:$AC$32,$B64,FALSE) -> 0 | F64: =HLOOKUP(F$57,$D$24:$AC$32,$B64,FALSE) -> 0 | G64: =HLOOKUP(G$57,$D$24:$AC$32,$B64,FALSE) -> 2 | H64: =HLOOKUP(H$57,$D$24:$AC$32,$B64,FALSE) -> 0 | I64: =HLOOKUP(I$57,$D$24:$AC$32,$B64,FALSE) -> 0 | J64: =HLOOKUP(J$57,$D$24:$AC$32,$B64,FALSE) -> 1 | K64: =HLOOKUP(K$57,$D$24:$AC$32,$B64,FALSE) -> 1 | ... AC64: =HLOOKUP(AC$57,$D$24:$AC$32,$B64,FALSE) -> 0
A65: Ventilation and heat recovery | B65: 9 | D65: =HLOOKUP(D$57,$D$24:$AC$32,$B65,FALSE) -> 0 | E65: =HLOOKUP(E$57,$D$24:$AC$32,$B65,FALSE) -> 0 | F65: =HLOOKUP(F$57,$D$24:$AC$32,$B65,FALSE) -> 0 | G65: =HLOOKUP(G$57,$D$24:$AC$32,$B65,FALSE) -> 0 | H65: =HLOOKUP(H$57,$D$24:$AC$32,$B65,FALSE) -> 0 | I65: =HLOOKUP(I$57,$D$24:$AC$32,$B65,FALSE) -> 0 | J65: =HLOOKUP(J$57,$D$24:$AC$32,$B65,FALSE) -> 0 | K65: =HLOOKUP(K$57,$D$24:$AC$32,$B65,FALSE) -> 0 | ... AC65: =HLOOKUP(AC$57,$D$24:$AC$32,$B65,FALSE) -> 0
C67: HP - SFH | D67: =SUM(D39:D40) -> 1616 | E67: =SUM(E39:E40) -> 36 | F67: =SUM(F39:F40) -> 200 | G67: =SUM(G39:G40) -> 2104 | H67: =SUM(H39:H40) -> 974 | I67: =SUM(I39:I40) -> 368 | J67: =SUM(J39:J40) -> 833 | K67: =SUM(K39:K40) -> 631 | ... AC67: =SUM(AC39:AC40) -> 2790
C68: HP - MFH | D68: =SUM(D50:D51) -> 268 | E68: =SUM(E50:E51) -> 2 | F68: =SUM(F50:F51) -> 32 | G68: =SUM(G50:G51) -> 470 | H68: =SUM(H50:H51) -> 126 | I68: =SUM(I50:I51) -> 52 | J68: =SUM(J50:J51) -> 101 | K68: =SUM(K50:K51) -> 25 | ... AC68: =SUM(AC50:AC51) -> 814
C69: HP - NonRes | D69: =SUM(D61:D62) -> 35 | E69: =SUM(E61:E62) -> 2 | F69: =SUM(F61:F62) -> 2 | G69: =SUM(G61:G62) -> 38 | H69: =SUM(H61:H62) -> 15 | I69: =SUM(I61:I62) -> 2 | J69: =SUM(J61:J62) -> 5 | K69: =SUM(K61:K62) -> 5 | ... AC69: =SUM(AC61:AC62) -> 52
C71: TOT | D71: =SUM(D36:D43,D47:D54,D58:D65) -> 2149 | E71: =SUM(E36:E43,E47:E54,E58:E65) -> 46 | F71: =SUM(F36:F43,F47:F54,F58:F65) -> 277 | G71: =SUM(G36:G43,G47:G54,G58:G65) -> 3501 | H71: =SUM(H36:H43,H47:H54,H58:H65) -> 1208 | I71: =SUM(I36:I43,I47:I54,I58:I65) -> 651 | J71: =SUM(J36:J43,J47:J54,J58:J65) -> 1138 | K71: =SUM(K36:K43,K47:K54,K58:K65) -> 696 | ... AC71: =SUM(AC36:AC43,AC47:AC54,AC58:AC65) -> 4214

Sheet 2024 CHF
A1: SFH
A2: Measure | B2: Unit | C2: CH | D2: ZH | E2: BE | F2: LU | G2: UR | H2: SZ | I2: OW | J2: NW | K2: GL | L2: ZG | M2: FR | N2: SO | O2: BS | P2: BL | Q2: SH | R2: AR | S2: AI | T2: SG | U2: GR | V2: AG | W2: TG | X2: TI | Y2: VD | Z2: VS | AA2: NE | AB2: GE | AC2: JU
A3: Wood/pellet with daily tank | B3: CHF | C3: 997973.5 | D3: 0 | E3: 0 | F3: 29000 | G3: 14000 | H3: 25000 | I3: 12000 | J3: 0 | K3: 28000 | L3: 0 | M3: 46000 | N3: 18000 | O3: 0 | P3: 39973.5 | Q3: 42000 | R3: 36500 | S3: 0 | T3: 20000 | U3: 360000 | V3: 42000 | W3: 73000 | X3: 48500 | Y3: 94000 | Z3: 55000 | AA3: 0 | AB3: 0 | AC3: 15000
A4: Automatic wood heating, heat output ≤ 70 kW | B4: CHF | C4: 3606320 | D4: 0 | E4: 919336 | F4: 66860 | G4: 6000 | H4: 0 | I4: 0 | J4: 0 | K4: 34750 | L4: 0 | M4: 67444 | N4: 176465 | O4: 78810 | P4: 94265 | Q4: 64000 | R4: 7500 | S4: 4300 | T4: 0 | U4: 461320 | V4: 60779 | W4: 104975 | X4: 98927 | Y4: 825450 | Z4: 183974 | AA4: 287745 | AB4: 0 | AC4: 63420
A5: Automatic wood heating, heat output > 70 kW | B5: CHF | C5: 10471 | D5: 0 | E5: 0 | F5: 0 | G5: 0 | H5: 0 | I5: 0 | J5: 0 | K5: 0 | L5: 0 | M5: 0 | N5: 0 | O5: 0 | P5: 7200 | Q5: 0 | R5: 0 | S5: 0 | T5: 0 | U5: 0 | V5: 0 | W5: 0 | X5: 0 | Y5: 3271 | Z5: 0 | AA5: 0 | AB5: 0 | AC5: 0
A6: HP air-water | B6: CHF | C6: 83829105 | D6: 7990829 | E6: 11426800 | F6: 1876678 | G6: 210280 | H6: 1006332 | I6: 33000 | J6: 71326 | K6: 591260 | L6: 544000 | M6: 4038898 | N6: 3723247 | O6: 1821209 | P6: 7615960 | Q6: 566145 | R6: 905432 | S6: 56808 | T6: 2243735 | U6: 2206244 | V6: 4781476 | W6: 2306880 | X6: 9098945 | Y6: 6863349 | Z6: 6956807 | AA6: 1960974 | AB6: 4420119 | AC6: 512372
A7: HP electric (brine/water, water/water) | B7: CHF | C7: 48448164 | D7: 12422233 | E7: 3173100 | F7: 3050182 | G7: 8000 | H7: 422619 | I7: 36000 | J7: 5488 | K7: 28750 | L7: 2558731 | M7: 1993815 | N7: 1260166.5 | O7: 5749851 | P7: 928259 | Q7: 311800 | R7: 271953 | S7: 54546 | T7: 2006490 | U7: 1766185 | V7: 2147142 | W7: 3196345 | X7: 273046 | Y7: 6208118 | Z7: 374148 | AA7: 78324 | AB7: 96948 | AC7: 25925
A8: DH | B8: CHF | C8: 7818812 | D8: 1364054 | E8: 1518897 | F8: 439749 | G8: 12540 | H8: 528852 | I8: 26000 | J8: 30875 | K8: 49438 | L8: 17400 | M8: 367992 | N8: 180430 | O8: 391539 | P8: 91090 | Q8: 603755 | R8: 101370 | S8: 8198 | T8: 30000 | U8: 310813 | V8: 210131 | W8: 534238 | X8: 359900 | Y8: 150538 | Z8: 245686 | AA8: 241180 | AB8: 4147 | AC8: 0
A9: ST | B9: CHF | C9: 1888543.9 | D9: 52365 | E9: 157800 | F9: 115770.9 | G9: 11600 | H9: 13996 | I9: 0 | J9: 5645 | K9: 43605 | L9: 0 | M9: 37510 | N9: 51141 | O9: 9112 | P9: 31982 | Q9: 5052 | R9: 15090 | S9: 3783 | T9: 0 | U9: 124822 | V9: 44086 | W9: 57725 | X9: 66572 | Y9: 864038 | Z9: 46096 | AA9: 38153 | AB9: 44233 | AC9: 48367
A10: Ventilation and heat recovery | B10: CHF | C10: 40300 | D10: 0 | E10: 3000 | F10: 0 | G10: 0 | H10: 0 | I10: 0 | J10: 0 | K10: 0 | L10: 0 | M10: 0 | N10: 0 | O10: 4800 | P10: 0 | Q10: 7000 | R10: 0 | S10: 0 | T10: 0 | U10: 10000 | V10: 0 | W10: 3500 | X10: 0 | Y10: 12000 | Z10: 0 | AA10: 0 | AB10: 0 | AC10: 0
A12: MFH
A13: Measure | B13: Unit | C13: CH | D13: ZH | E13: BE | F13: LU | G13: UR | H13: SZ | I13: OW | J13: NW | K13: GL | L13: ZG | M13: FR | N13: SO | O13: BS | P13: BL | Q13: SH | R13: AR | S13: AI | T13: SG | U13: GR | V13: AG | W13: TG | X13: TI | Y13: VD | Z13: VS | AA13: NE | AB13: GE | AC13: JU
A14: Wood/pellet with daily tank | B14: CHF | C14: 238968 | D14: 0 | E14: 0 | F14: 15000 | G14: 4000 | H14: 20000 | I14: 27000 | J14: 0 | K14: 0 | L14: 0 | M14: 0 | N14: 6000 | O14: 0 | P14: 5968 | Q14: 14000 | R14: 5500 | S14: 0 | T14: 0 | U14: 90000 | V14: 9000 | W14: 37500 | X14: 0 | Y14: 0 | Z14: 0 | AA14: 0 | AB14: 0 | AC14: 5000
A15: Automatic wood heating, heat output ≤ 70 kW | B15: CHF | C15: 2430560 | D15: 0 | E15: 243138 | F15: 90570 | G15: 14300 | H15: 13350 | I15: 0 | J15: 13830 | K15: 25710 | L15: 0 | M15: 33483 | N15: 88383 | O15: 100200 | P15: 49690 | Q15: 44880 | R15: 13271 | S15: 5000 | T15: 0 | U15: 831640 | V15: 17095 | W15: 146900 | X15: 35900 | Y15: 335530 | Z15: 59230 | AA15: 222530 | AB15: 0 | AC15: 45930
A16: Automatic wood heating, heat output > 70 kW | B16: CHF | C16: 1256385 | D16: 0 | E16: 64620 | F16: 24000 | G16: 0 | H16: 33000 | I16: 0 | J16: 0 | K16: 0 | L16: 102000 | M16: 0 | N16: 0 | O16: 0 | P16: 76755 | Q16: 25750 | R16: 0 | S16: 0 | T16: 0 | U16: 567251 | V16: 0 | W16: 71500 | X16: 38200 | Y16: 28640 | Z16: 187499 | AA16: 37170 | AB16: 0 | AC16: 0
A17: HP air-water | B17: CHF | C17: 14742693 | D17: 1614685 | E17: 2324550 | F17: 518608 | G17: 37400 | H17: 538374 | I17: 3000 | J17: 108559 | K17: 50950 | L17: 278420 | M17: 480954 | N17: 670106 | O17: 401325 | P17: 955301 | Q17: 155507 | R17: 143854 | S17: 2296 | T17: 94314 | U17: 1659344 | V17: 659172 | W17: 522248 | X17: 851959 | Y17: 563245 | Z17: 1318659 | AA17: 294557 | AB17: 402520 | AC17: 92786
A18: HP electric (brine/water, water/water) | B18: CHF | C18: 28567308 | D18: 7300670 | E18: 1366260 | F18: 2993933 | G18: 78440 | H18: 399560 | I18: 22860 | J18: 166913 | K18: 71363 | L18: 4091400 | M18: 713644 | N18: 660489.5 | O18: 780665 | P18: 512930 | Q18: 228958 | R18: 72798 | S18: 9690 | T18: 586546 | U18: 3796380 | V18: 1225994 | W18: 1552165 | X18: 212386 | Y18: 1010870 | Z18: 688858 | AA18: 17865 | AB18: 0 | AC18: 5670
A19: DH | B19: CHF | C19: 19904716 | D19: 2931412 | E19: 2114179 | F19: 1078916 | G19: 97180 | H19: 1173130 | I19: 72500 | J19: 336355 | K19: 91486 | L19: 956110 | M19: 774264 | N19: 374951 | O19: 2518509 | P19: 387440 | Q19: 933614 | R19: 93066 | S19: 4250 | T19: 15000 | U19: 2018133 | V19: 769703 | W19: 645860 | X19: 184000 | Y19: 946109 | Z19: 1131546 | AA19: 257003 | AB19: 0 | AC19: 0
A20: ST | B20: CHF | C20: 1243237.1 | D20: 28948 | E20: 158820 | F20: 109236.1 | G20: 0 | H20: 35406 | I20: 0 | J20: 0 | K20: 9322 | L20: 0 | M20: 19783 | N20: 5478 | O20: 6612 | P20: 0 | Q20: 11646 | R20: 15185 | S20: 0 | T20: 20000 | U20: 144827 | V20: 59945 | W20: 5604 | X20: 39097 | Y20: 370594 | Z20: 4886 | AA20: 38584 | AB20: 136437 | AC20: 22827
A21: Ventilation and heat recovery | B21: CHF | C21: 750150 | D21: 0 | E21: 334000 | F21: 0 | G21: 0 | H21: 0 | I21: 0 | J21: 0 | K21: 0 | L21: 0 | M21: 0 | N21: 0 | O21: 9600 | P21: 0 | Q21: 0 | R21: 0 | S21: 0 | T21: 0 | U21: 80000 | V21: 0 | W21: 0 | X21: 0 | Y21: 69600 | Z21: 0 | AA21: 0 | AB21: 256950 | AC21: 0
A23: Non Res
A24: Measure | B24: Unit | C24: CH | D24: ZH | E24: BE | F24: LU | G24: UR | H24: SZ | I24: OW | J24: NW | K24: GL | L24: ZG | M24: FR | N24: SO | O24: BS | P24: BL | Q24: SH | R24: AR | S24: AI | T24: SG | U24: GR | V24: AG | W24: TG | X24: TI | Y24: VD | Z24: VS | AA24: NE | AB24: GE | AC24: JU
A25: Wood/pellet with daily tank | B25: CHF | C25: 35000 | D25: 0 | E25: 0 | F25: 0 | G25: 0 | H25: 0 | I25: 0 | J25: 0 | K25: 6000 | L25: 0 | M25: 0 | N25: 0 | O25: 0 | P25: 0 | Q25: 0 | R25: 0 | S25: 0 | T25: 0 | U25: 20000 | V25: 0 | W25: 6000 | X25: 3000 | Y25: 0 | Z25: 0 | AA25: 0 | AB25: 0 | AC25: 0
A26: Automatic wood heating, heat output ≤ 70 kW | B26: CHF | C26: 430317 | D26: 0 | E26: 63120 | F26: 8000 | G26: 0 | H26: 0 | I26: 0 | J26: 5600 | K26: 7300 | L26: 0 | M26: 10923 | N26: 51776 | O26: 0 | P26: 17900 | Q26: 0 | R26: 24683 | S26: 0 | T26: 0 | U26: 80940 | V26: 4600 | W26: 50600 | X26: 0 | Y26: 18170 | Z26: 77505 | AA26: 9200 | AB26: 0 | AC26: 0
A27: Automatic wood heating, heat output > 70 kW | B27: CHF | C27: 613432 | D27: 0 | E27: 35100 | F27: 55395 | G27: 0 | H27: 0 | I27: 0 | J27: 0 | K27: 0 | L27: 0 | M27: 14500 | N27: 0 | O27: 0 | P27: 29700 | Q27: 0 | R27: 0 | S27: 0 | T27: 5940 | U27: 75120 | V27: 0 | W27: 77500 | X27: 0 | Y27: 36000 | Z27: 284177 | AA27: 0 | AB27: 0 | AC27: 0
A28: HP air-water | B28: CHF | C28: 2631668 | D28: 221109 | E28: 193000 | F28: 52820 | G28: 23000 | H28: 44358 | I28: 0 | J28: 5750 | K28: 10750 | L28: 59500 | M28: 42275 | N28: 115313 | O28: 14125 | P28: 127754 | Q28: 94640 | R28: 9350 | S28: 4996 | T28: 11620 | U28: 364965 | V28: 225524 | W28: 326443 | X28: 292479 | Y28: 69876 | Z28: 212260 | AA28: 21707 | AB28: 37596 | AC28: 50458
A29: HP electric (brine/water, water/water) | B29: CHF | C29: 3480161 | D29: 385884 | E29: 142220 | F29: 209454 | G29: 0 | H29: 104870 | I29: 0 | J29: 19788 | K29: 10175 | L29: 0 | M29: 18180 | N29: 258743 | O29: 36525 | P29: 25820 | Q29: 125931 | R29: 14014 | S29: 6900 | T29: 87680 | U29: 328130 | V29: 149491 | W29: 696825 | X29: 207288 | Y29: 173010 | Z29: 332433 | AA29: 0 | AB29: 146800 | AC29: 0
A30: DH | B30: CHF | C30: 4571918 | D30: 354787 | E30: 412735 | F30: 257124 | G30: 35440 | H30: 468105 | I30: 0 | J30: 52838 | K30: 70039 | L30: 400206 | M30: 116486 | N30: 95298 | O30: 403886 | P30: 160785 | Q30: 337517 | R30: 0 | S30: 0 | T30: 0 | U30: 281897 | V30: 194920 | W30: 288356 | X30: 107750 | Y30: 227343 | Z30: 273806 | AA30: 4600 | AB30: 28000 | AC30: 0
A31: ST | B31: CHF | C31: 220824 | D31: 0 | E31: 38900 | F31: 78970 | G31: 0 | H31: 0 | I31: 0 | J31: 0 | K31: 0 | L31: 0 | M31: 3850 | N31: 0 | O31: 0 | P31: 0 | Q31: 0 | R31: 0 | S31: 0 | T31: 0 | U31: 6703 | V31: 0 | W31: 0 | X31: 11417 | Y31: 5630 | Z31: 6764 | AA31: 0 | AB31: 68590 | AC31: 0
A32: Ventilation and heat recovery | B32: CHF | C32: 0 | D32: 0 | E32: 0 | F32: 0 | G32: 0 | H32: 0 | I32: 0 | J32: 0 | K32: 0 | L32: 0 | M32: 0 | N32: 0 | O32: 0 | P32: 0 | Q32: 0 | R32: 0 | S32: 0 | T32: 0 | U32: 0 | V32: 0 | W32: 0 | X32: 0 | Y32: 0 | Z32: 0 | AA32: 0 | AB32: 0 | AC32: 0
A34: SFH
A35: Measure | B35: Index | D35: AG | E35: AI | F35: AR | G35: BE | H35: BL | I35: BS | J35: FR | K35: GE | L35: GL | M35: GR | N35: JU | O35: LU | P35: NE | Q35: NW | R35: OW | S35: SG | T35: SH | U35: SO | V35: SZ | W35: TG | X35: TI | Y35: UR | Z35: VD | AA35: VS | AB35: ZG | AC35: ZH
A36: Wood/pellet with daily tank | B36: 2 | D36: =HLOOKUP(D$35,$D$2:$AC$10,$B36,FALSE) -> 42000 | E36: =HLOOKUP(E$35,$D$2:$AC$10,$B36,FALSE) -> 0 | F36: =HLOOKUP(F$35,$D$2:$AC$10,$B36,FALSE) -> 36500 | G36: =HLOOKUP(G$35,$D$2:$AC$10,$B36,FALSE) -> 0 | H36: =HLOOKUP(H$35,$D$2:$AC$10,$B36,FALSE) -> 39973.5 | I36: =HLOOKUP(I$35,$D$2:$AC$10,$B36,FALSE) -> 0 | J36: =HLOOKUP(J$35,$D$2:$AC$10,$B36,FALSE) -> 46000 | K36: =HLOOKUP(K$35,$D$2:$AC$10,$B36,FALSE) -> 0 | ... AC36: =HLOOKUP(AC$35,$D$2:$AC$10,$B36,FALSE) -> 0
A37: Automatic wood heating, heat output ≤ 70 kW | B37: 3 | D37: =HLOOKUP(D$35,$D$2:$AC$10,$B37,FALSE) -> 60779 | E37: =HLOOKUP(E$35,$D$2:$AC$10,$B37,FALSE) -> 4300 | F37: =HLOOKUP(F$35,$D$2:$AC$10,$B37,FALSE) -> 7500 | G37: =HLOOKUP(G$35,$D$2:$AC$10,$B37,FALSE) -> 919336 | H37: =HLOOKUP(H$35,$D$2:$AC$10,$B37,FALSE) -> 94265 | I37: =HLOOKUP(I$35,$D$2:$AC$10,$B37,FALSE) -> 78810 | J37: =HLOOKUP(J$35,$D$2:$AC$10,$B37,FALSE) -> 67444 | K37: =HLOOKUP(K$35,$D$2:$AC$10,$B37,FALSE) -> 0 | ... AC37: =HLOOKUP(AC$35,$D$2:$AC$10,$B37,FALSE) -> 0
A38: Automatic wood heating, heat output > 70 kW | B38: 4 | D38: =HLOOKUP(D$35,$D$2:$AC$10,$B38,FALSE) -> 0 | E38: =HLOOKUP(E$35,$D$2:$AC$10,$B38,FALSE) -> 0 | F38: =HLOOKUP(F$35,$D$2:$AC$10,$B38,FALSE) -> 0 | G38: =HLOOKUP(G$35,$D$2:$AC$10,$B38,FALSE) -> 0 | H38: =HLOOKUP(H$35,$D$2:$AC$10,$B38,FALSE) -> 7200 | I38: =HLOOKUP(I$35,$D$2:$AC$10,$B38,FALSE) -> 0 | J38: =HLOOKUP(J$35,$D$2:$AC$10,$B38,FALSE) -> 0 | K38: =HLOOKUP(K$35,$D$2:$AC$10,$B38,FALSE) -> 0 | ... AC38: =HLOOKUP(AC$35,$D$2:$AC$10,$B38,FALSE) -> 0
A39: HP air-water | B39: 5 | D39: =HLOOKUP(D$35,$D$2:$AC$10,$B39,FALSE) -> 4781476 | E39: =HLOOKUP(E$35,$D$2:$AC$10,$B39,FALSE) -> 56808 | F39: =HLOOKUP(F$35,$D$2:$AC$10,$B39,FALSE) -> 905432 | G39: =HLOOKUP(G$35,$D$2:$AC$10,$B39,FALSE) -> 11426800 | H39: =HLOOKUP(H$35,$D$2:$AC$10,$B39,FALSE) -> 7615960 | I39: =HLOOKUP(I$35,$D$2:$AC$10,$B39,FALSE) -> 1821209 | J39: =HLOOKUP(J$35,$D$2:$AC$10,$B39,FALSE) -> 4038898 | K39: =HLOOKUP(K$35,$D$2:$AC$10,$B39,FALSE) -> 4420119 | ... AC39: =HLOOKUP(AC$35,$D$2:$AC$10,$B39,FALSE) -> 7990829
A40: HP electric (brine/water, water/water) | B40: 6 | D40: =HLOOKUP(D$35,$D$2:$AC$10,$B40,FALSE) -> 2147142 | E40: =HLOOKUP(E$35,$D$2:$AC$10,$B40,FALSE) -> 54546 | F40: =HLOOKUP(F$35,$D$2:$AC$10,$B40,FALSE) -> 271953 | G40: =HLOOKUP(G$35,$D$2:$AC$10,$B40,FALSE) -> 3173100 | H40: =HLOOKUP(H$35,$D$2:$AC$10,$B40,FALSE) -> 928259 | I40: =HLOOKUP(I$35,$D$2:$AC$10,$B40,FALSE) -> 5749851 | J40: =HLOOKUP(J$35,$D$2:$AC$10,$B40,FALSE) -> 1993815 | K40: =HLOOKUP(K$35,$D$2:$AC$10,$B40,FALSE) -> 96948 | ... AC40: =HLOOKUP(AC$35,$D$2:$AC$10,$B40,FALSE) -> 12422233
A41: DH | B41: 7 | D41: =HLOOKUP(D$35,$D$2:$AC$10,$B41,FALSE) -> 210131 | E41: =HLOOKUP(E$35,$D$2:$AC$10,$B41,FALSE) -> 8198 | F41: =HLOOKUP(F$35,$D$2:$AC$10,$B41,FALSE) -> 101370 | G41: =HLOOKUP(G$35,$D$2:$AC$10,$B41,FALSE) -> 1518897 | H41: =HLOOKUP(H$35,$D$2:$AC$10,$B41,FALSE) -> 91090 | I41: =HLOOKUP(I$35,$D$2:$AC$10,$B41,FALSE) -> 391539 | J41: =HLOOKUP(J$35,$D$2:$AC$10,$B41,FALSE) -> 367992 | K41: =HLOOKUP(K$35,$D$2:$AC$10,$B41,FALSE) -> 4147 | ... AC41: =HLOOKUP(AC$35,$D$2:$AC$10,$B41,FALSE) -> 1364054
A42: ST | B42: 8 | D42: =HLOOKUP(D$35,$D$2:$AC$10,$B42,FALSE) -> 44086 | E42: =HLOOKUP(E$35,$D$2:$AC$10,$B42,FALSE) -> 3783 | F42: =HLOOKUP(F$35,$D$2:$AC$10,$B42,FALSE) -> 15090 | G42: =HLOOKUP(G$35,$D$2:$AC$10,$B42,FALSE) -> 157800 | H42: =HLOOKUP(H$35,$D$2:$AC$10,$B42,FALSE) -> 31982 | I42: =HLOOKUP(I$35,$D$2:$AC$10,$B42,FALSE) -> 9112 | J42: =HLOOKUP(J$35,$D$2:$AC$10,$B42,FALSE) -> 37510 | K42: =HLOOKUP(K$35,$D$2:$AC$10,$B42,FALSE) -> 44233 | ... AC42: =HLOOKUP(AC$35,$D$2:$AC$10,$B42,FALSE) -> 52365
A43: Ventilation and heat recovery | B43: 9 | D43: =HLOOKUP(D$35,$D$2:$AC$10,$B43,FALSE) -> 0 | E43: =HLOOKUP(E$35,$D$2:$AC$10,$B43,FALSE) -> 0 | F43: =HLOOKUP(F$35,$D$2:$AC$10,$B43,FALSE) -> 0 | G43: =HLOOKUP(G$35,$D$2:$AC$10,$B43,FALSE) -> 3000 | H43: =HLOOKUP(H$35,$D$2:$AC$10,$B43,FALSE) -> 0 | I43: =HLOOKUP(I$35,$D$2:$AC$10,$B43,FALSE) -> 4800 | J43: =HLOOKUP(J$35,$D$2:$AC$10,$B43,FALSE) -> 0 | K43: =HLOOKUP(K$35,$D$2:$AC$10,$B43,FALSE) -> 0 | ... AC43: =HLOOKUP(AC$35,$D$2:$AC$10,$B43,FALSE) -> 0
A45: MFH
A46: Measure | B46: Index | D46: AG | E46: AI | F46: AR | G46: BE | H46: BL | I46: BS | J46: FR | K46: GE | L46: GL | M46: GR | N46: JU | O46: LU | P46: NE | Q46: NW | R46: OW | S46: SG | T46: SH | U46: SO | V46: SZ | W46: TG | X46: TI | Y46: UR | Z46: VD | AA46: VS | AB46: ZG | AC46: ZH
A47: Wood/pellet with daily tank | B47: 2 | D47: =HLOOKUP(D$46,$D$13:$AC$21,$B47,FALSE) -> 9000 | E47: =HLOOKUP(E$46,$D$13:$AC$21,$B47,FALSE) -> 0 | F47: =HLOOKUP(F$46,$D$13:$AC$21,$B47,FALSE) -> 5500 | G47: =HLOOKUP(G$46,$D$13:$AC$21,$B47,FALSE) -> 0 | H47: =HLOOKUP(H$46,$D$13:$AC$21,$B47,FALSE) -> 5968 | I47: =HLOOKUP(I$46,$D$13:$AC$21,$B47,FALSE) -> 0 | J47: =HLOOKUP(J$46,$D$13:$AC$21,$B47,FALSE) -> 0 | K47: =HLOOKUP(K$46,$D$13:$AC$21,$B47,FALSE) -> 0 | ... AC47: =HLOOKUP(AC$46,$D$13:$AC$21,$B47,FALSE) -> 0
A48: Automatic wood heating, heat output ≤ 70 kW | B48: 3 | D48: =HLOOKUP(D$46,$D$13:$AC$21,$B48,FALSE) -> 17095 | E48: =HLOOKUP(E$46,$D$13:$AC$21,$B48,FALSE) -> 5000 | F48: =HLOOKUP(F$46,$D$13:$AC$21,$B48,FALSE) -> 13271 | G48: =HLOOKUP(G$46,$D$13:$AC$21,$B48,FALSE) -> 243138 | H48: =HLOOKUP(H$46,$D$13:$AC$21,$B48,FALSE) -> 49690 | I48: =HLOOKUP(I$46,$D$13:$AC$21,$B48,FALSE) -> 100200 | J48: =HLOOKUP(J$46,$D$13:$AC$21,$B48,FALSE) -> 33483 | K48: =HLOOKUP(K$46,$D$13:$AC$21,$B48,FALSE) -> 0 | ... AC48: =HLOOKUP(AC$46,$D$13:$AC$21,$B48,FALSE) -> 0
A49: Automatic wood heating, heat output > 70 kW | B49: 4 | D49: =HLOOKUP(D$46,$D$13:$AC$21,$B49,FALSE) -> 0 | E49: =HLOOKUP(E$46,$D$13:$AC$21,$B49,FALSE) -> 0 | F49: =HLOOKUP(F$46,$D$13:$AC$21,$B49,FALSE) -> 0 | G49: =HLOOKUP(G$46,$D$13:$AC$21,$B49,FALSE) -> 64620 | H49: =HLOOKUP(H$46,$D$13:$AC$21,$B49,FALSE) -> 76755 | I49: =HLOOKUP(I$46,$D$13:$AC$21,$B49,FALSE) -> 0 | J49: =HLOOKUP(J$46,$D$13:$AC$21,$B49,FALSE) -> 0 | K49: =HLOOKUP(K$46,$D$13:$AC$21,$B49,FALSE) -> 0 | ... AC49: =HLOOKUP(AC$46,$D$13:$AC$21,$B49,FALSE) -> 0
A50: HP air-water | B50: 5 | D50: =HLOOKUP(D$46,$D$13:$AC$21,$B50,FALSE) -> 659172 | E50: =HLOOKUP(E$46,$D$13:$AC$21,$B50,FALSE) -> 2296 | F50: =HLOOKUP(F$46,$D$13:$AC$21,$B50,FALSE) -> 143854 | G50: =HLOOKUP(G$46,$D$13:$AC$21,$B50,FALSE) -> 2324550 | H50: =HLOOKUP(H$46,$D$13:$AC$21,$B50,FALSE) -> 955301 | I50: =HLOOKUP(I$46,$D$13:$AC$21,$B50,FALSE) -> 401325 | J50: =HLOOKUP(J$46,$D$13:$AC$21,$B50,FALSE) -> 480954 | K50: =HLOOKUP(K$46,$D$13:$AC$21,$B50,FALSE) -> 402520 | ... AC50: =HLOOKUP(AC$46,$D$13:$AC$21,$B50,FALSE) -> 1614685
A51: HP electric (brine/water, water/water) | B51: 6 | D51: =HLOOKUP(D$46,$D$13:$AC$21,$B51,FALSE) -> 1225994 | E51: =HLOOKUP(E$46,$D$13:$AC$21,$B51,FALSE) -> 9690 | F51: =HLOOKUP(F$46,$D$13:$AC$21,$B51,FALSE) -> 72798 | G51: =HLOOKUP(G$46,$D$13:$AC$21,$B51,FALSE) -> 1366260 | H51: =HLOOKUP(H$46,$D$13:$AC$21,$B51,FALSE) -> 512930 | I51: =HLOOKUP(I$46,$D$13:$AC$21,$B51,FALSE) -> 780665 | J51: =HLOOKUP(J$46,$D$13:$AC$21,$B51,FALSE) -> 713644 | K51: =HLOOKUP(K$46,$D$13:$AC$21,$B51,FALSE) -> 0 | ... AC51: =HLOOKUP(AC$46,$D$13:$AC$21,$B51,FALSE) -> 7300670
A52: DH | B52: 7 | D52: =HLOOKUP(D$46,$D$13:$AC$21,$B52,FALSE) -> 769703 | E52: =HLOOKUP(E$46,$D$13:$AC$21,$B52,FALSE) -> 4250 | F52: =HLOOKUP(F$46,$D$13:$AC$21,$B52,FALSE) -> 93066 | G52: =HLOOKUP(G$46,$D$13:$AC$21,$B52,FALSE) -> 2114179 | H52: =HLOOKUP(H$46,$D$13:$AC$21,$B52,FALSE) -> 387440 | I52: =HLOOKUP(I$46,$D$13:$AC$21,$B52,FALSE) -> 2518509 | J52: =HLOOKUP(J$46,$D$13:$AC$21,$B52,FALSE) -> 774264 | K52: =HLOOKUP(K$46,$D$13:$AC$21,$B52,FALSE) -> 0 | ... AC52: =HLOOKUP(AC$46,$D$13:$AC$21,$B52,FALSE) -> 2931412
A53: ST | B53: 8 | D53: =HLOOKUP(D$46,$D$13:$AC$21,$B53,FALSE) -> 59945 | E53: =HLOOKUP(E$46,$D$13:$AC$21,$B53,FALSE) -> 0 | F53: =HLOOKUP(F$46,$D$13:$AC$21,$B53,FALSE) -> 15185 | G53: =HLOOKUP(G$46,$D$13:$AC$21,$B53,FALSE) -> 158820 | H53: =HLOOKUP(H$46,$D$13:$AC$21,$B53,FALSE) -> 0 | I53: =HLOOKUP(I$46,$D$13:$AC$21,$B53,FALSE) -> 6612 | J53: =HLOOKUP(J$46,$D$13:$AC$21,$B53,FALSE) -> 19783 | K53: =HLOOKUP(K$46,$D$13:$AC$21,$B53,FALSE) -> 136437 | ... AC53: =HLOOKUP(AC$46,$D$13:$AC$21,$B53,FALSE) -> 28948
A54: Ventilation and heat recovery | B54: 9 | D54: =HLOOKUP(D$46,$D$13:$AC$21,$B54,FALSE) -> 0 | E54: =HLOOKUP(E$46,$D$13:$AC$21,$B54,FALSE) -> 0 | F54: =HLOOKUP(F$46,$D$13:$AC$21,$B54,FALSE) -> 0 | G54: =HLOOKUP(G$46,$D$13:$AC$21,$B54,FALSE) -> 334000 | H54: =HLOOKUP(H$46,$D$13:$AC$21,$B54,FALSE) -> 0 | I54: =HLOOKUP(I$46,$D$13:$AC$21,$B54,FALSE) -> 9600 | J54: =HLOOKUP(J$46,$D$13:$AC$21,$B54,FALSE) -> 0 | K54: =HLOOKUP(K$46,$D$13:$AC$21,$B54,FALSE) -> 256950 | ... AC54: =HLOOKUP(AC$46,$D$13:$AC$21,$B54,FALSE) -> 0
A56: Non Res
A57: Measure | B57: Index | D57: AG | E57: AI | F57: AR | G57: BE | H57: BL | I57: BS | J57: FR | K57: GE | L57: GL | M57: GR | N57: JU | O57: LU | P57: NE | Q57: NW | R57: OW | S57: SG | T57: SH | U57: SO | V57: SZ | W57: TG | X57: TI | Y57: UR | Z57: VD | AA57: VS | AB57: ZG | AC57: ZH
A58: Wood/pellet with daily tank | B58: 2 | D58: =HLOOKUP(D$57,$D$24:$AC$32,$B58,FALSE) -> 0 | E58: =HLOOKUP(E$57,$D$24:$AC$32,$B58,FALSE) -> 0 | F58: =HLOOKUP(F$57,$D$24:$AC$32,$B58,FALSE) -> 0 | G58: =HLOOKUP(G$57,$D$24:$AC$32,$B58,FALSE) -> 0 | H58: =HLOOKUP(H$57,$D$24:$AC$32,$B58,FALSE) -> 0 | I58: =HLOOKUP(I$57,$D$24:$AC$32,$B58,FALSE) -> 0 | J58: =HLOOKUP(J$57,$D$24:$AC$32,$B58,FALSE) -> 0 | K58: =HLOOKUP(K$57,$D$24:$AC$32,$B58,FALSE) -> 0 | ... AC58: =HLOOKUP(AC$57,$D$24:$AC$32,$B58,FALSE) -> 0
A59: Automatic wood heating, heat output ≤ 70 kW | B59: 3 | D59: =HLOOKUP(D$57,$D$24:$AC$32,$B59,FALSE) -> 4600 | E59: =HLOOKUP(E$57,$D$24:$AC$32,$B59,FALSE) -> 0 | F59: =HLOOKUP(F$57,$D$24:$AC$32,$B59,FALSE) -> 24683 | G59: =HLOOKUP(G$57,$D$24:$AC$32,$B59,FALSE) -> 63120 | H59: =HLOOKUP(H$57,$D$24:$AC$32,$B59,FALSE) -> 17900 | I59: =HLOOKUP(I$57,$D$24:$AC$32,$B59,FALSE) -> 0 | J59: =HLOOKUP(J$57,$D$24:$AC$32,$B59,FALSE) -> 10923 | K59: =HLOOKUP(K$57,$D$24:$AC$32,$B59,FALSE) -> 0 | ... AC59: =HLOOKUP(AC$57,$D$24:$AC$32,$B59,FALSE) -> 0
A60: Automatic wood heating, heat output > 70 kW | B60: 4 | D60: =HLOOKUP(D$57,$D$24:$AC$32,$B60,FALSE) -> 0 | E60: =HLOOKUP(E$57,$D$24:$AC$32,$B60,FALSE) -> 0 | F60: =HLOOKUP(F$57,$D$24:$AC$32,$B60,FALSE) -> 0 | G60: =HLOOKUP(G$57,$D$24:$AC$32,$B60,FALSE) -> 35100 | H60: =HLOOKUP(H$57,$D$24:$AC$32,$B60,FALSE) -> 29700 | I60: =HLOOKUP(I$57,$D$24:$AC$32,$B60,FALSE) -> 0 | J60: =HLOOKUP(J$57,$D$24:$AC$32,$B60,FALSE) -> 14500 | K60: =HLOOKUP(K$57,$D$24:$AC$32,$B60,FALSE) -> 0 | ... AC60: =HLOOKUP(AC$57,$D$24:$AC$32,$B60,FALSE) -> 0
A61: HP air-water | B61: 5 | D61: =HLOOKUP(D$57,$D$24:$AC$32,$B61,FALSE) -> 225524 | E61: =HLOOKUP(E$57,$D$24:$AC$32,$B61,FALSE) -> 4996 | F61: =HLOOKUP(F$57,$D$24:$AC$32,$B61,FALSE) -> 9350 | G61: =HLOOKUP(G$57,$D$24:$AC$32,$B61,FALSE) -> 193000 | H61: =HLOOKUP(H$57,$D$24:$AC$32,$B61,FALSE) -> 127754 | I61: =HLOOKUP(I$57,$D$24:$AC$32,$B61,FALSE) -> 14125 | J61: =HLOOKUP(J$57,$D$24:$AC$32,$B61,FALSE) -> 42275 | K61: =HLOOKUP(K$57,$D$24:$AC$32,$B61,FALSE) -> 37596 | ... AC61: =HLOOKUP(AC$57,$D$24:$AC$32,$B61,FALSE) -> 221109
A62: HP electric (brine/water, water/water) | B62: 6 | D62: =HLOOKUP(D$57,$D$24:$AC$32,$B62,FALSE) -> 149491 | E62: =HLOOKUP(E$57,$D$24:$AC$32,$B62,FALSE) -> 6900 | F62: =HLOOKUP(F$57,$D$24:$AC$32,$B62,FALSE) -> 14014 | G62: =HLOOKUP(G$57,$D$24:$AC$32,$B62,FALSE) -> 142220 | H62: =HLOOKUP(H$57,$D$24:$AC$32,$B62,FALSE) -> 25820 | I62: =HLOOKUP(I$57,$D$24:$AC$32,$B62,FALSE) -> 36525 | J62: =HLOOKUP(J$57,$D$24:$AC$32,$B62,FALSE) -> 18180 | K62: =HLOOKUP(K$57,$D$24:$AC$32,$B62,FALSE) -> 146800 | ... AC62: =HLOOKUP(AC$57,$D$24:$AC$32,$B62,FALSE) -> 385884
A63: DH | B63: 7 | D63: =HLOOKUP(D$57,$D$24:$AC$32,$B63,FALSE) -> 194920 | E63: =HLOOKUP(E$57,$D$24:$AC$32,$B63,FALSE) -> 0 | F63: =HLOOKUP(F$57,$D$24:$AC$32,$B63,FALSE) -> 0 | G63: =HLOOKUP(G$57,$D$24:$AC$32,$B63,FALSE) -> 412735 | H63: =HLOOKUP(H$57,$D$24:$AC$32,$B63,FALSE) -> 160785 | I63: =HLOOKUP(I$57,$D$24:$AC$32,$B63,FALSE) -> 403886 | J63: =HLOOKUP(J$57,$D$24:$AC$32,$B63,FALSE) -> 116486 | K63: =HLOOKUP(K$57,$D$24:$AC$32,$B63,FALSE) -> 28000 | ... AC63: =HLOOKUP(AC$57,$D$24:$AC$32,$B63,FALSE) -> 354787
A64: ST | B64: 8 | D64: =HLOOKUP(D$57,$D$24:$AC$32,$B64,FALSE) -> 0 | E64: =HLOOKUP(E$57,$D$24:$AC$32,$B64,FALSE) -> 0 | F64: =HLOOKUP(F$57,$D$24:$AC$32,$B64,FALSE) -> 0 | G64: =HLOOKUP(G$57,$D$24:$AC$32,$B64,FALSE) -> 38900 | H64: =HLOOKUP(H$57,$D$24:$AC$32,$B64,FALSE) -> 0 | I64: =HLOOKUP(I$57,$D$24:$AC$32,$B64,FALSE) -> 0 | J64: =HLOOKUP(J$57,$D$24:$AC$32,$B64,FALSE) -> 3850 | K64: =HLOOKUP(K$57,$D$24:$AC$32,$B64,FALSE) -> 68590 | ... AC64: =HLOOKUP(AC$57,$D$24:$AC$32,$B64,FALSE) -> 0
A65: Ventilation and heat recovery | B65: 9 | D65: =HLOOKUP(D$57,$D$24:$AC$32,$B65,FALSE) -> 0 | E65: =HLOOKUP(E$57,$D$24:$AC$32,$B65,FALSE) -> 0 | F65: =HLOOKUP(F$57,$D$24:$AC$32,$B65,FALSE) -> 0 | G65: =HLOOKUP(G$57,$D$24:$AC$32,$B65,FALSE) -> 0 | H65: =HLOOKUP(H$57,$D$24:$AC$32,$B65,FALSE) -> 0 | I65: =HLOOKUP(I$57,$D$24:$AC$32,$B65,FALSE) -> 0 | J65: =HLOOKUP(J$57,$D$24:$AC$32,$B65,FALSE) -> 0 | K65: =HLOOKUP(K$57,$D$24:$AC$32,$B65,FALSE) -> 0 | ... AC65: =HLOOKUP(AC$57,$D$24:$AC$32,$B65,FALSE) -> 0
B67: 11 | C67: HP | D67: =SUM(D39:D40,D50:D51,D61:D62)/1000 -> 9188.799 | E67: =SUM(E39:E40,E50:E51,E61:E62)/1000 -> 135.236 | F67: =SUM(F39:F40,F50:F51,F61:F62)/1000 -> 1417.401 | G67: =SUM(G39:G40,G50:G51,G61:G62)/1000 -> 18625.93 | H67: =SUM(H39:H40,H50:H51,H61:H62)/1000 -> 10166.024 | I67: =SUM(I39:I40,I50:I51,I61:I62)/1000 -> 8803.7 | J67: =SUM(J39:J40,J50:J51,J61:J62)/1000 -> 7287.766 | K67: =SUM(K39:K40,K50:K51,K61:K62)/1000 -> 5103.983 | ... AC67: =SUM(AC39:AC40,AC50:AC51,AC61:AC62)/1000 -> 29935.41
B68: 12 | C68: Wood | D68: =SUM(D36:D37,D47:D48,D58:D59)/1000 -> 133.474 | E68: =SUM(E36:E37,E47:E48,E58:E59)/1000 -> 9.3 | F68: =SUM(F36:F37,F47:F48,F58:F59)/1000 -> 87.454 | G68: =SUM(G36:G37,G47:G48,G58:G59)/1000 -> 1225.594 | H68: =SUM(H36:H37,H47:H48,H58:H59)/1000 -> 207.7965 | I68: =SUM(I36:I37,I47:I48,I58:I59)/1000 -> 179.01 | J68: =SUM(J36:J37,J47:J48,J58:J59)/1000 -> 157.85 | K68: =SUM(K36:K37,K47:K48,K58:K59)/1000 -> 0 | ... AC68: =SUM(AC36:AC37,AC47:AC48,AC58:AC59)/1000 -> 0
B69: 13 | C69: ST | D69: =SUM(D42,D53,D64)/1000 -> 104.031 | E69: =SUM(E42,E53,E64)/1000 -> 3.783 | F69: =SUM(F42,F53,F64)/1000 -> 30.275 | G69: =SUM(G42,G53,G64)/1000 -> 355.52 | H69: =SUM(H42,H53,H64)/1000 -> 31.982 | I69: =SUM(I42,I53,I64)/1000 -> 15.724 | J69: =SUM(J42,J53,J64)/1000 -> 61.143 | K69: =SUM(K42,K53,K64)/1000 -> 249.26 | ... AC69: =SUM(AC42,AC53,AC64)/1000 -> 81.313
B71: 15 | C71: HP - SFH | D71: =SUM(D39:D40)/1000 -> 6928.618 | E71: =SUM(E39:E40)/1000 -> 111.354 | F71: =SUM(F39:F40)/1000 -> 1177.385 | G71: =SUM(G39:G40)/1000 -> 14599.9 | H71: =SUM(H39:H40)/1000 -> 8544.219 | I71: =SUM(I39:I40)/1000 -> 7571.06 | J71: =SUM(J39:J40)/1000 -> 6032.713 | K71: =SUM(K39:K40)/1000 -> 4517.067 | ... AC71: =SUM(AC39:AC40)/1000 -> 20413.062
B72: 16 | C72: HP - MFH | D72: =SUM(D50:D51)/1000 -> 1885.166 | E72: =SUM(E50:E51)/1000 -> 11.986 | F72: =SUM(F50:F51)/1000 -> 216.652 | G72: =SUM(G50:G51)/1000 -> 3690.81 | H72: =SUM(H50:H51)/1000 -> 1468.231 | I72: =SUM(I50:I51)/1000 -> 1181.99 | J72: =SUM(J50:J51)/1000 -> 1194.598 | K72: =SUM(K50:K51)/1000 -> 402.52 | ... AC72: =SUM(AC50:AC51)/1000 -> 8915.355
B73: 17 | C73: HP - NonRes | D73: =SUM(D61:D62)/1000 -> 375.015 | E73: =SUM(E61:E62)/1000 -> 11.896 | F73: =SUM(F61:F62)/1000 -> 23.364 | G73: =SUM(G61:G62)/1000 -> 335.22 | H73: =SUM(H61:H62)/1000 -> 153.574 | I73: =SUM(I61:I62)/1000 -> 50.65 | J73: =SUM(J61:J62)/1000 -> 60.455 | K73: =SUM(K61:K62)/1000 -> 184.396 | ... AC73: =SUM(AC61:AC62)/1000 -> 606.993
C75: TOT | D75: =SUM(D36:D43,D47:D54,D58:D65)/1000 -> 10601.058 | E75: =SUM(E36:E43,E47:E54,E58:E65)/1000 -> 160.767 | F75: =SUM(F36:F43,F47:F54,F58:F65)/1000 -> 1729.566 | G75: =SUM(G36:G43,G47:G54,G58:G65)/1000 -> 24689.575 | H75: =SUM(H36:H43,H47:H54,H58:H65)/1000 -> 11158.772 | I75: =SUM(I36:I43,I47:I54,I58:I65)/1000 -> 12326.768 | J75: =SUM(J36:J43,J47:J54,J58:J65)/1000 -> 8780.001 | K75: =SUM(K36:K43,K47:K54,K58:K65)/1000 -> 5642.34 | ... AC75: =SUM(AC36:AC43,AC47:AC54,AC58:AC65)/1000 -> 34666.976
A77: Mesure | B77: Unité | C77: CH | D77: ZH | E77: BE | F77: LU | G77: UR | H77: SZ | I77: OW | J77: NW | K77: GL | L77: ZG | M77: FR | N77: SO | O77: BS | P77: BL | Q77: SH | R77: AR | S77: AI | T77: SG | U77: GR | V77: AG | W77: TG | X77: TI | Y77: VD | Z77: VS | AA77: NE | AB77: GE | AC77: JU
A78: Wood/pellet with daily tank (nuova installazione) | B78: CHF | C78: 0 | D78: 0 | E78: 0 | F78: 0 | G78: 0 | H78: 0 | I78: 0 | J78: 0 | K78: 0 | L78: 0 | M78: 0 | N78: 0 | O78: 0 | P78: 0 | Q78: 0 | R78: 0 | S78: 0 | T78: 0 | U78: 0 | V78: 0 | W78: 0 | X78: 0 | Y78: 0 | Z78: 0 | AA78: 0 | AB78: 0 | AC78: 0
A79: Wood/pellet with daily tank (sostituzione) | B79: CHF | C79: 0 | D79: 0 | E79: 0 | F79: 0 | G79: 0 | H79: 0 | I79: 0 | J79: 0 | K79: 0 | L79: 0 | M79: 0 | N79: 0 | O79: 0 | P79: 0 | Q79: 0 | R79: 0 | S79: 0 | T79: 0 | U79: 0 | V79: 0 | W79: 0 | X79: 0 | Y79: 0 | Z79: 0 | AA79: 0 | AB79: 0 | AC79: 0
A80: Automatic wood heating, heat output ≤ 70 kW (nuova installazione) | B80: CHF | C80: 0 | D80: 0 | E80: 0 | F80: 0 | G80: 0 | H80: 0 | I80: 0 | J80: 0 | K80: 0 | L80: 0 | M80: 0 | N80: 0 | O80: 0 | P80: 0 | Q80: 0 | R80: 0 | S80: 0 | T80: 0 | U80: 0 | V80: 0 | W80: 0 | X80: 0 | Y80: 0 | Z80: 0 | AA80: 0 | AB80: 0 | AC80: 0
A81: Automatic wood heating, heat output ≤ 70 kW (sostituzione) | B81: CHF | C81: 0 | D81: 0 | E81: 0 | F81: 0 | G81: 0 | H81: 0 | I81: 0 | J81: 0 | K81: 0 | L81: 0 | M81: 0 | N81: 0 | O81: 0 | P81: 0 | Q81: 0 | R81: 0 | S81: 0 | T81: 0 | U81: 0 | V81: 0 | W81: 0 | X81: 0 | Y81: 0 | Z81: 0 | AA81: 0 | AB81: 0 | AC81: 0
A82: Automatic wood heating, heat output > 70 kW (nuova installazione) | B82: CHF | C82: 0 | D82: 0 | E82: 0 | F82: 0 | G82: 0 | H82: 0 | I82: 0 | J82: 0 | K82: 0 | L82: 0 | M82: 0 | N82: 0 | O82: 0 | P82: 0 | Q82: 0 | R82: 0 | S82: 0 | T82: 0 | U82: 0 | V82: 0 | W82: 0 | X82: 0 | Y82: 0 | Z82: 0 | AA82: 0 | AB82: 0 | AC82: 0
A83: Automatic wood heating, heat output > 70 kW (sostituzione) | B83: CHF | C83: 0 | D83: 0 | E83: 0 | F83: 0 | G83: 0 | H83: 0 | I83: 0 | J83: 0 | K83: 0 | L83: 0 | M83: 0 | N83: 0 | O83: 0 | P83: 0 | Q83: 0 | R83: 0 | S83: 0 | T83: 0 | U83: 0 | V83: 0 | W83: 0 | X83: 0 | Y83: 0 | Z83: 0 | AA83: 0 | AB83: 0 | AC83: 0
A84: HP air-water | B84: CHF | C84: 0 | D84: 0 | E84: 0 | F84: 0 | G84: 0 | H84: 0 | I84: 0 | J84: 0 | K84: 0 | L84: 0 | M84: 0 | N84: 0 | O84: 0 | P84: 0 | Q84: 0 | R84: 0 | S84: 0 | T84: 0 | U84: 0 | V84: 0 | W84: 0 | X84: 0 | Y84: 0 | Z84: 0 | AA84: 0 | AB84: 0 | AC84: 0
A85: HP electric (brine/water, water/water) | B85: CHF | C85: 0 | D85: 0 | E85: 0 | F85: 0 | G85: 0 | H85: 0 | I85: 0 | J85: 0 | K85: 0 | L85: 0 | M85: 0 | N85: 0 | O85: 0 | P85: 0 | Q85: 0 | R85: 0 | S85: 0 | T85: 0 | U85: 0 | V85: 0 | W85: 0 | X85: 0 | Y85: 0 | Z85: 0 | AA85: 0 | AB85: 0 | AC85: 0
A86: ST | B86: CHF | C86: 0 | D86: 0 | E86: 0 | F86: 0 | G86: 0 | H86: 0 | I86: 0 | J86: 0 | K86: 0 | L86: 0 | M86: 0 | N86: 0 | O86: 0 | P86: 0 | Q86: 0 | R86: 0 | S86: 0 | T86: 0 | U86: 0 | V86: 0 | W86: 0 | X86: 0 | Y86: 0 | Z86: 0 | AA86: 0 | AB86: 0 | AC86: 0
A87: ST | B87: CHF | C87: 0 | D87: 0 | E87: 0 | F87: 0 | G87: 0 | H87: 0 | I87: 0 | J87: 0 | K87: 0 | L87: 0 | M87: 0 | N87: 0 | O87: 0 | P87: 0 | Q87: 0 | R87: 0 | S87: 0 | T87: 0 | U87: 0 | V87: 0 | W87: 0 | X87: 0 | Y87: 0 | Z87: 0 | AA87: 0 | AB87: 0 | AC87: 0
A88: ST | B88: CHF | C88: 0 | D88: 0 | E88: 0 | F88: 0 | G88: 0 | H88: 0 | I88: 0 | J88: 0 | K88: 0 | L88: 0 | M88: 0 | N88: 0 | O88: 0 | P88: 0 | Q88: 0 | R88: 0 | S88: 0 | T88: 0 | U88: 0 | V88: 0 | W88: 0 | X88: 0 | Y88: 0 | Z88: 0 | AA88: 0 | AB88: 0 | AC88: 0
A89: Ventilation and heat recovery | B89: CHF | C89: 0 | D89: 0 | E89: 0 | F89: 0 | G89: 0 | H89: 0 | I89: 0 | J89: 0 | K89: 0 | L89: 0 | M89: 0 | N89: 0 | O89: 0 | P89: 0 | Q89: 0 | R89: 0 | S89: 0 | T89: 0 | U89: 0 | V89: 0 | W89: 0 | X89: 0 | Y89: 0 | Z89: 0 | AA89: 0 | AB89: 0 | AC89: 0
A90: Special measure | B90: CHF | C90: 0 | D90: 0 | E90: 0 | F90: 0 | G90: 0 | H90: 0 | I90: 0 | J90: 0 | K90: 0 | L90: 0 | M90: 0 | N90: 0 | O90: 0 | P90: 0 | Q90: 0 | R90: 0 | S90: 0 | T90: 0 | U90: 0 | V90: 0 | W90: 0 | X90: 0 | Y90: 0 | Z90: 0 | AA90: 0 | AB90: 0 | AC90: 0
A93: Measure | B93: Index | D93: AG | E93: AI | F93: AR | G93: BE | H93: BL | I93: BS | J93: FR | K93: GE | L93: GL | M93: GR | N93: JU | O93: LU | P93: NE | Q93: NW | R93: OW | S93: SG | T93: SH | U93: SO | V93: SZ | W93: TG | X93: TI | Y93: UR | Z93: VD | AA93: VS | AB93: ZG | AC93: ZH
A94: Wood/pellet with daily tank (nuova installazione) | B94: 2 | D94: =HLOOKUP(D$93,$D$77:$AC$90,$B94,FALSE) -> 0 | E94: =HLOOKUP(E$93,$D$77:$AC$90,$B94,FALSE) -> 0 | F94: =HLOOKUP(F$93,$D$77:$AC$90,$B94,FALSE) -> 0 | G94: =HLOOKUP(G$93,$D$77:$AC$90,$B94,FALSE) -> 0 | H94: =HLOOKUP(H$93,$D$77:$AC$90,$B94,FALSE) -> 0 | I94: =HLOOKUP(I$93,$D$77:$AC$90,$B94,FALSE) -> 0 | J94: =HLOOKUP(J$93,$D$77:$AC$90,$B94,FALSE) -> 0 | K94: =HLOOKUP(K$93,$D$77:$AC$90,$B94,FALSE) -> 0 | ... AC94: =HLOOKUP(AC$93,$D$77:$AC$90,$B94,FALSE) -> 0
A95: Wood/pellet with daily tank (sostituzione) | B95: 3 | D95: =HLOOKUP(D$93,$D$77:$AC$90,$B95,FALSE) -> 0 | E95: =HLOOKUP(E$93,$D$77:$AC$90,$B95,FALSE) -> 0 | F95: =HLOOKUP(F$93,$D$77:$AC$90,$B95,FALSE) -> 0 | G95: =HLOOKUP(G$93,$D$77:$AC$90,$B95,FALSE) -> 0 | H95: =HLOOKUP(H$93,$D$77:$AC$90,$B95,FALSE) -> 0 | I95: =HLOOKUP(I$93,$D$77:$AC$90,$B95,FALSE) -> 0 | J95: =HLOOKUP(J$93,$D$77:$AC$90,$B95,FALSE) -> 0 | K95: =HLOOKUP(K$93,$D$77:$AC$90,$B95,FALSE) -> 0 | ... AC95: =HLOOKUP(AC$93,$D$77:$AC$90,$B95,FALSE) -> 0
A96: Automatic wood heating, heat output ≤ 70 kW (nuova installazione) | B96: 4 | D96: =HLOOKUP(D$93,$D$77:$AC$90,$B96,FALSE) -> 0 | E96: =HLOOKUP(E$93,$D$77:$AC$90,$B96,FALSE) -> 0 | F96: =HLOOKUP(F$93,$D$77:$AC$90,$B96,FALSE) -> 0 | G96: =HLOOKUP(G$93,$D$77:$AC$90,$B96,FALSE) -> 0 | H96: =HLOOKUP(H$93,$D$77:$AC$90,$B96,FALSE) -> 0 | I96: =HLOOKUP(I$93,$D$77:$AC$90,$B96,FALSE) -> 0 | J96: =HLOOKUP(J$93,$D$77:$AC$90,$B96,FALSE) -> 0 | K96: =HLOOKUP(K$93,$D$77:$AC$90,$B96,FALSE) -> 0 | ... AC96: =HLOOKUP(AC$93,$D$77:$AC$90,$B96,FALSE) -> 0
A97: Automatic wood heating, heat output ≤ 70 kW (sostituzione) | B97: 5 | D97: =HLOOKUP(D$93,$D$77:$AC$90,$B97,FALSE) -> 0 | E97: =HLOOKUP(E$93,$D$77:$AC$90,$B97,FALSE) -> 0 | F97: =HLOOKUP(F$93,$D$77:$AC$90,$B97,FALSE) -> 0 | G97: =HLOOKUP(G$93,$D$77:$AC$90,$B97,FALSE) -> 0 | H97: =HLOOKUP(H$93,$D$77:$AC$90,$B97,FALSE) -> 0 | I97: =HLOOKUP(I$93,$D$77:$AC$90,$B97,FALSE) -> 0 | J97: =HLOOKUP(J$93,$D$77:$AC$90,$B97,FALSE) -> 0 | K97: =HLOOKUP(K$93,$D$77:$AC$90,$B97,FALSE) -> 0 | ... AC97: =HLOOKUP(AC$93,$D$77:$AC$90,$B97,FALSE) -> 0
A98: Automatic wood heating, heat output > 70 kW (nuova installazione) | B98: 6 | D98: =HLOOKUP(D$93,$D$77:$AC$90,$B98,FALSE) -> 0 | E98: =HLOOKUP(E$93,$D$77:$AC$90,$B98,FALSE) -> 0 | F98: =HLOOKUP(F$93,$D$77:$AC$90,$B98,FALSE) -> 0 | G98: =HLOOKUP(G$93,$D$77:$AC$90,$B98,FALSE) -> 0 | H98: =HLOOKUP(H$93,$D$77:$AC$90,$B98,FALSE) -> 0 | I98: =HLOOKUP(I$93,$D$77:$AC$90,$B98,FALSE) -> 0 | J98: =HLOOKUP(J$93,$D$77:$AC$90,$B98,FALSE) -> 0 | K98: =HLOOKUP(K$93,$D$77:$AC$90,$B98,FALSE) -> 0 | ... AC98: =HLOOKUP(AC$93,$D$77:$AC$90,$B98,FALSE) -> 0
A99: Automatic wood heating, heat output > 70 kW (sostituzione) | B99: 7 | D99: =HLOOKUP(D$93,$D$77:$AC$90,$B99,FALSE) -> 0 | E99: =HLOOKUP(E$93,$D$77:$AC$90,$B99,FALSE) -> 0 | F99: =HLOOKUP(F$93,$D$77:$AC$90,$B99,FALSE) -> 0 | G99: =HLOOKUP(G$93,$D$77:$AC$90,$B99,FALSE) -> 0 | H99: =HLOOKUP(H$93,$D$77:$AC$90,$B99,FALSE) -> 0 | I99: =HLOOKUP(I$93,$D$77:$AC$90,$B99,FALSE) -> 0 | J99: =HLOOKUP(J$93,$D$77:$AC$90,$B99,FALSE) -> 0 | K99: =HLOOKUP(K$93,$D$77:$AC$90,$B99,FALSE) -> 0 | ... AC99: =HLOOKUP(AC$93,$D$77:$AC$90,$B99,FALSE) -> 0
A100: HP air-water | B100: 8 | D100: =HLOOKUP(D$93,$D$77:$AC$90,$B100,FALSE) -> 0 | E100: =HLOOKUP(E$93,$D$77:$AC$90,$B100,FALSE) -> 0 | F100: =HLOOKUP(F$93,$D$77:$AC$90,$B100,FALSE) -> 0 | G100: =HLOOKUP(G$93,$D$77:$AC$90,$B100,FALSE) -> 0 | H100: =HLOOKUP(H$93,$D$77:$AC$90,$B100,FALSE) -> 0 | I100: =HLOOKUP(I$93,$D$77:$AC$90,$B100,FALSE) -> 0 | J100: =HLOOKUP(J$93,$D$77:$AC$90,$B100,FALSE) -> 0 | K100: =HLOOKUP(K$93,$D$77:$AC$90,$B100,FALSE) -> 0 | ... AC100: =HLOOKUP(AC$93,$D$77:$AC$90,$B100,FALSE) -> 0
A101: HP electric (brine/water, water/water) | B101: 9 | D101: =HLOOKUP(D$93,$D$77:$AC$90,$B101,FALSE) -> 0 | E101: =HLOOKUP(E$93,$D$77:$AC$90,$B101,FALSE) -> 0 | F101: =HLOOKUP(F$93,$D$77:$AC$90,$B101,FALSE) -> 0 | G101: =HLOOKUP(G$93,$D$77:$AC$90,$B101,FALSE) -> 0 | H101: =HLOOKUP(H$93,$D$77:$AC$90,$B101,FALSE) -> 0 | I101: =HLOOKUP(I$93,$D$77:$AC$90,$B101,FALSE) -> 0 | J101: =HLOOKUP(J$93,$D$77:$AC$90,$B101,FALSE) -> 0 | K101: =HLOOKUP(K$93,$D$77:$AC$90,$B101,FALSE) -> 0 | ... AC101: =HLOOKUP(AC$93,$D$77:$AC$90,$B101,FALSE) -> 0
A102: ST | B102: 10 | D102: =HLOOKUP(D$93,$D$77:$AC$90,$B102,FALSE) -> 0 | E102: =HLOOKUP(E$93,$D$77:$AC$90,$B102,FALSE) -> 0 | F102: =HLOOKUP(F$93,$D$77:$AC$90,$B102,FALSE) -> 0 | G102: =HLOOKUP(G$93,$D$77:$AC$90,$B102,FALSE) -> 0 | H102: =HLOOKUP(H$93,$D$77:$AC$90,$B102,FALSE) -> 0 | I102: =HLOOKUP(I$93,$D$77:$AC$90,$B102,FALSE) -> 0 | J102: =HLOOKUP(J$93,$D$77:$AC$90,$B102,FALSE) -> 0 | K102: =HLOOKUP(K$93,$D$77:$AC$90,$B102,FALSE) -> 0 | ... AC102: =HLOOKUP(AC$93,$D$77:$AC$90,$B102,FALSE) -> 0
A103: ST | B103: 11 | D103: =HLOOKUP(D$93,$D$77:$AC$90,$B103,FALSE) -> 0 | E103: =HLOOKUP(E$93,$D$77:$AC$90,$B103,FALSE) -> 0 | F103: =HLOOKUP(F$93,$D$77:$AC$90,$B103,FALSE) -> 0 | G103: =HLOOKUP(G$93,$D$77:$AC$90,$B103,FALSE) -> 0 | H103: =HLOOKUP(H$93,$D$77:$AC$90,$B103,FALSE) -> 0 | I103: =HLOOKUP(I$93,$D$77:$AC$90,$B103,FALSE) -> 0 | J103: =HLOOKUP(J$93,$D$77:$AC$90,$B103,FALSE) -> 0 | K103: =HLOOKUP(K$93,$D$77:$AC$90,$B103,FALSE) -> 0 | ... AC103: =HLOOKUP(AC$93,$D$77:$AC$90,$B103,FALSE) -> 0
A104: ST | B104: 12 | D104: =HLOOKUP(D$93,$D$77:$AC$90,$B104,FALSE) -> 0 | E104: =HLOOKUP(E$93,$D$77:$AC$90,$B104,FALSE) -> 0 | F104: =HLOOKUP(F$93,$D$77:$AC$90,$B104,FALSE) -> 0 | G104: =HLOOKUP(G$93,$D$77:$AC$90,$B104,FALSE) -> 0 | H104: =HLOOKUP(H$93,$D$77:$AC$90,$B104,FALSE) -> 0 | I104: =HLOOKUP(I$93,$D$77:$AC$90,$B104,FALSE) -> 0 | J104: =HLOOKUP(J$93,$D$77:$AC$90,$B104,FALSE) -> 0 | K104: =HLOOKUP(K$93,$D$77:$AC$90,$B104,FALSE) -> 0 | ... AC104: =HLOOKUP(AC$93,$D$77:$AC$90,$B104,FALSE) -> 0
A105: Ventilation and heat recovery | B105: 13 | D105: =HLOOKUP(D$93,$D$77:$AC$90,$B105,FALSE) -> 0 | E105: =HLOOKUP(E$93,$D$77:$AC$90,$B105,FALSE) -> 0 | F105: =HLOOKUP(F$93,$D$77:$AC$90,$B105,FALSE) -> 0 | G105: =HLOOKUP(G$93,$D$77:$AC$90,$B105,FALSE) -> 0 | H105: =HLOOKUP(H$93,$D$77:$AC$90,$B105,FALSE) -> 0 | I105: =HLOOKUP(I$93,$D$77:$AC$90,$B105,FALSE) -> 0 | J105: =HLOOKUP(J$93,$D$77:$AC$90,$B105,FALSE) -> 0 | K105: =HLOOKUP(K$93,$D$77:$AC$90,$B105,FALSE) -> 0 | ... AC105: =HLOOKUP(AC$93,$D$77:$AC$90,$B105,FALSE) -> 0
A106: Special measure | B106: 14 | D106: =HLOOKUP(D$93,$D$77:$AC$90,$B106,FALSE) -> 0 | E106: =HLOOKUP(E$93,$D$77:$AC$90,$B106,FALSE) -> 0 | F106: =HLOOKUP(F$93,$D$77:$AC$90,$B106,FALSE) -> 0 | G106: =HLOOKUP(G$93,$D$77:$AC$90,$B106,FALSE) -> 0 | H106: =HLOOKUP(H$93,$D$77:$AC$90,$B106,FALSE) -> 0 | I106: =HLOOKUP(I$93,$D$77:$AC$90,$B106,FALSE) -> 0 | J106: =HLOOKUP(J$93,$D$77:$AC$90,$B106,FALSE) -> 0 | K106: =HLOOKUP(K$93,$D$77:$AC$90,$B106,FALSE) -> 0 | ... AC106: =HLOOKUP(AC$93,$D$77:$AC$90,$B106,FALSE) -> 0
B108: 16 | C108: HP | D108: =SUM(D100:D101)/1000 -> 0 | E108: =SUM(E100:E101)/1000 -> 0 | F108: =SUM(F100:F101)/1000 -> 0 | G108: =SUM(G100:G101)/1000 -> 0 | H108: =SUM(H100:H101)/1000 -> 0 | I108: =SUM(I100:I101)/1000 -> 0 | J108: =SUM(J100:J101)/1000 -> 0 | K108: =SUM(K100:K101)/1000 -> 0 | ... AC108: =SUM(AC100:AC101)/1000 -> 0
B109: 17 | C109: Wood | D109: =SUM(D94:D97)/1000 -> 0 | E109: =SUM(E94:E97)/1000 -> 0 | F109: =SUM(F94:F97)/1000 -> 0 | G109: =SUM(G94:G97)/1000 -> 0 | H109: =SUM(H94:H97)/1000 -> 0 | I109: =SUM(I94:I97)/1000 -> 0 | J109: =SUM(J94:J97)/1000 -> 0 | K109: =SUM(K94:K97)/1000 -> 0 | ... AC109: =SUM(AC94:AC97)/1000 -> 0
B110: 18 | C110: ST | D110: =SUM(D102:D104)/1000 -> 0 | E110: =SUM(E102:E104)/1000 -> 0 | F110: =SUM(F102:F104)/1000 -> 0 | G110: =SUM(G102:G104)/1000 -> 0 | H110: =SUM(H102:H104)/1000 -> 0 | I110: =SUM(I102:I104)/1000 -> 0 | J110: =SUM(J102:J104)/1000 -> 0 | K110: =SUM(K102:K104)/1000 -> 0 | ... AC110: =SUM(AC102:AC104)/1000 -> 0
C112: TOT | D112: =SUM(D94:D106)/1000 -> 0 | E112: =SUM(E94:E106)/1000 -> 0 | F112: =SUM(F94:F106)/1000 -> 0 | G112: =SUM(G94:G106)/1000 -> 0 | H112: =SUM(H94:H106)/1000 -> 0 | I112: =SUM(I94:I106)/1000 -> 0 | J112: =SUM(J94:J106)/1000 -> 0 | K112: =SUM(K94:K106)/1000 -> 0 | ... AC112: =SUM(AC94:AC106)/1000 -> 0

Sheet 2023
A1: SFH
A2: Measure | B2: Unit | C2: CH | D2: ZH | E2: BE | F2: LU | G2: UR | H2: SZ | I2: OW | J2: NW | K2: GL | L2: ZG | M2: FR | N2: SO | O2: BS | P2: BL | Q2: SH | R2: AR | S2: AI | T2: SG | U2: GR | V2: AG | W2: TG | X2: TI | Y2: VD | Z2: VS | AA2: NE | AB2: GE | AC2: JU
A3: Wood/pellet with daily tank | B3: - | C3: 148 | D3: 0 | E3: 0 | F3: 3 | G3: 4 | H3: 5 | I3: 6 | J3: 0 | K3: 6 | L3: 0 | M3: 11 | N3: 3 | O3: 0 | P3: 7 | Q3: 4 | R3: 9 | S3: 0 | T3: 3 | U3: 20 | V3: 17 | W3: 5 | X3: 18 | Y3: 16 | Z3: 8 | AA3: 0 | AB3: 0 | AC3: 3
A4: Automatic wood heating, heat output ≤ 70 kW | B4: - | C4: 601 | D4: 0 | E4: 186 | F4: 15 | G4: 4 | H4: 5 | I4: 0 | J4: 2 | K4: 5 | L4: 1 | M4: 24 | N4: 59 | O4: 5 | P4: 29 | Q4: 8 | R4: 7 | S4: 0 | T4: 0 | U4: 32 | V4: 15 | W4: 15 | X4: 12 | Y4: 110 | Z4: 28 | AA4: 28 | AB4: 0 | AC4: 11
A5: Automatic wood heating, heat output > 70 kW | B5: - | C5: 2 | D5: 0 | E5: 1 | F5: 0 | G5: 0 | H5: 0 | I5: 0 | J5: 0 | K5: 0 | L5: 0 | M5: 0 | N5: 0 | O5: 0 | P5: 0 | Q5: 0 | R5: 0 | S5: 0 | T5: 0 | U5: 1 | V5: 0 | W5: 0 | X5: 0 | Y5: 0 | Z5: 0 | AA5: 0 | AB5: 0 | AC5: 0
A6: HP air-water | B6: - | C6: 15885 | D6: 1479 | E6: 2200 | F6: 429 | G6: 10 | H6: 243 | I6: 10 | J6: 27 | K6: 174 | L6: 85 | M6: 804 | N6: 1194 | O6: 165 | P6: 1158 | Q6: 191 | R6: 227 | S6: 20 | T6: 1218 | U6: 390 | V6: 1548 | W6: 839 | X6: 983 | Y6: 867 | Z6: 756 | AA6: 364 | AB6: 449 | AC6: 55
A7: HP electric (brine/water, water/water) | B7: - | C7: 4081 | D7: 979 | E7: 371 | F7: 329 | G7: 3 | H7: 28 | I7: 3 | J7: 4 | K7: 9 | L7: 93 | M7: 263 | N7: 150 | O7: 110 | P7: 83 | Q7: 33 | R7: 41 | S7: 15 | T7: 486 | U7: 113 | V7: 250 | W7: 359 | X7: 5 | Y7: 305 | Z7: 23 | AA7: 13 | AB7: 9 | AC7: 4
A8: DH | B8: - | C8: 984 | D8: 127 | E8: 272 | F8: 31 | G8: 8 | H8: 86 | I8: 11 | J8: 4 | K8: 19 | L8: 2 | M8: 95 | N8: 25 | O8: 57 | P8: 19 | Q8: 67 | R8: 17 | S8: 0 | T8: 2 | U8: 11 | V8: 36 | W8: 32 | X8: 14 | Y8: 22 | Z8: 10 | AA8: 15 | AB8: 0 | AC8: 2
A9: ST | B9: - | C9: 384 | D9: 7 | E9: 48 | F9: 15 | G9: 2 | H9: 3 | I9: 0 | J9: 0 | K9: 2 | L9: 0 | M9: 14 | N9: 12 | O9: 3 | P9: 14 | Q9: 0 | R9: 6 | S9: 1 | T9: 5 | U9: 28 | V9: 11 | W9: 10 | X9: 20 | Y9: 125 | Z9: 14 | AA9: 21 | AB9: 12 | AC9: 11
A10: Ventilation and heat recovery | B10: - | C10: 10 | D10: 0 | E10: 2 | F10: 0 | G10: 0 | H10: 0 | I10: 0 | J10: 0 | K10: 0 | L10: 0 | M10: 0 | N10: 0 | O10: 0 | P10: 0 | Q10: 0 | R10: 0 | S10: 0 | T10: 0 | U10: 2 | V10: 0 | W10: 4 | X10: 0 | Y10: 1 | Z10: 0 | AA10: 0 | AB10: 1 | AC10: 0
A12: MFH
A13: Measure | B13: Unit | C13: CH | D13: ZH | E13: BE | F13: LU | G13: UR | H13: SZ | I13: OW | J13: NW | K13: GL | L13: ZG | M13: FR | N13: SO | O13: BS | P13: BL | Q13: SH | R13: AR | S13: AI | T13: SG | U13: GR | V13: AG | W13: TG | X13: TI | Y13: VD | Z13: VS | AA13: NE | AB13: GE | AC13: JU
A14: Wood/pellet with daily tank | B14: - | C14: 20 | D14: 0 | E14: 0 | F14: 0 | G14: 2 | H14: 2 | I14: 0 | J14: 0 | K14: 2 | L14: 0 | M14: 0 | N14: 1 | O14: 0 | P14: 1 | Q14: 0 | R14: 1 | S14: 1 | T14: 1 | U14: 5 | V14: 2 | W14: 1 | X14: 1 | Y14: 0 | Z14: 0 | AA14: 0 | AB14: 0 | AC14: 0
A15: Automatic wood heating, heat output ≤ 70 kW | B15: - | C15: 305 | D15: 0 | E15: 72 | F15: 18 | G15: 3 | H15: 2 | I15: 0 | J15: 1 | K15: 4 | L15: 1 | M15: 13 | N15: 21 | O15: 4 | P15: 18 | Q15: 6 | R15: 1 | S15: 1 | T15: 0 | U15: 43 | V15: 5 | W15: 7 | X15: 4 | Y15: 35 | Z15: 12 | AA15: 30 | AB15: 0 | AC15: 4
A16: Automatic wood heating, heat output > 70 kW | B16: - | C16: 31 | D16: 0 | E16: 10 | F16: 0 | G16: 0 | H16: 0 | I16: 0 | J16: 0 | K16: 0 | L16: 0 | M16: 3 | N16: 0 | O16: 1 | P16: 2 | Q16: 0 | R16: 0 | S16: 0 | T16: 0 | U16: 6 | V16: 0 | W16: 1 | X16: 2 | Y16: 4 | Z16: 2 | AA16: 0 | AB16: 0 | AC16: 0
A17: HP air-water | B17: - | C17: 1701 | D17: 207 | E17: 330 | F17: 110 | G17: 4 | H17: 61 | I17: 0 | J17: 34 | K17: 11 | L17: 31 | M17: 64 | N17: 108 | O17: 24 | P17: 96 | Q17: 6 | R17: 13 | S17: 5 | T17: 27 | U17: 116 | V17: 152 | W17: 62 | X17: 57 | Y17: 58 | Z17: 98 | AA17: 16 | AB17: 8 | AC17: 3
A18: HP electric (brine/water, water/water) | B18: - | C18: 1124 | D18: 342 | E18: 120 | F18: 172 | G18: 3 | H18: 30 | I18: 2 | J18: 12 | K18: 3 | L18: 37 | M18: 46 | N18: 36 | O18: 8 | P18: 19 | Q18: 2 | R18: 3 | S18: 2 | T18: 62 | U18: 63 | V18: 51 | W18: 64 | X18: 3 | Y18: 35 | Z18: 7 | AA18: 1 | AB18: 0 | AC18: 1
A19: DH | B19: - | C19: 1165 | D19: 114 | E19: 273 | F19: 54 | G19: 26 | H19: 92 | I19: 15 | J19: 15 | K19: 7 | L19: 17 | M19: 86 | N19: 36 | O19: 123 | P19: 36 | Q19: 47 | R19: 4 | S19: 0 | T19: 0 | U19: 33 | V19: 35 | W19: 23 | X19: 20 | Y19: 28 | Z19: 56 | AA19: 24 | AB19: 0 | AC19: 1
A20: ST | B20: - | C20: 147 | D20: 6 | E20: 24 | F20: 9 | G20: 0 | H20: 4 | I20: 0 | J20: 0 | K20: 0 | L20: 0 | M20: 4 | N20: 1 | O20: 2 | P20: 4 | Q20: 0 | R20: 2 | S20: 1 | T20: 1 | U20: 14 | V20: 0 | W20: 3 | X20: 5 | Y20: 31 | Z20: 4 | AA20: 8 | AB20: 21 | AC20: 3
A21: Ventilation and heat recovery | B21: - | C21: 10 | D21: 0 | E21: 1 | F21: 0 | G21: 0 | H21: 0 | I21: 0 | J21: 0 | K21: 0 | L21: 0 | M21: 0 | N21: 0 | O21: 2 | P21: 0 | Q21: 0 | R21: 0 | S21: 0 | T21: 0 | U21: 4 | V21: 0 | W21: 0 | X21: 0 | Y21: 3 | Z21: 0 | AA21: 0 | AB21: 0 | AC21: 0
A23: Non Res
A24: Measure | B24: Unit | C24: CH | D24: ZH | E24: BE | F24: LU | G24: UR | H24: SZ | I24: OW | J24: NW | K24: GL | L24: ZG | M24: FR | N24: SO | O24: BS | P24: BL | Q24: SH | R24: AR | S24: AI | T24: SG | U24: GR | V24: AG | W24: TG | X24: TI | Y24: VD | Z24: VS | AA24: NE | AB24: GE | AC24: JU
A25: Wood/pellet with daily tank | B25: - | C25: 5 | D25: 0 | E25: 0 | F25: 2 | G25: 0 | H25: 0 | I25: 0 | J25: 0 | K25: 0 | L25: 0 | M25: 0 | N25: 0 | O25: 0 | P25: 0 | Q25: 0 | R25: 1 | S25: 0 | T25: 0 | U25: 1 | V25: 0 | W25: 1 | X25: 0 | Y25: 0 | Z25: 0 | AA25: 0 | AB25: 0 | AC25: 0
A26: Automatic wood heating, heat output ≤ 70 kW | B26: - | C26: 23 | D26: 0 | E26: 5 | F26: 1 | G26: 0 | H26: 1 | I26: 0 | J26: 0 | K26: 0 | L26: 1 | M26: 1 | N26: 2 | O26: 0 | P26: 2 | Q26: 0 | R26: 0 | S26: 0 | T26: 0 | U26: 1 | V26: 1 | W26: 0 | X26: 1 | Y26: 3 | Z26: 3 | AA26: 1 | AB26: 0 | AC26: 0
A27: Automatic wood heating, heat output > 70 kW | B27: - | C27: 12 | D27: 0 | E27: 4 | F27: 1 | G27: 0 | H27: 0 | I27: 0 | J27: 0 | K27: 0 | L27: 0 | M27: 0 | N27: 1 | O27: 0 | P27: 0 | Q27: 0 | R27: 0 | S27: 0 | T27: 2 | U27: 0 | V27: 0 | W27: 0 | X27: 0 | Y27: 1 | Z27: 0 | AA27: 0 | AB27: 0 | AC27: 3
A28: HP air-water | B28: - | C28: 196 | D28: 31 | E28: 19 | F28: 9 | G28: 0 | H28: 4 | I28: 0 | J28: 1 | K28: 0 | L28: 1 | M28: 10 | N28: 17 | O28: 1 | P28: 7 | Q28: 1 | R28: 7 | S28: 1 | T28: 9 | U28: 8 | V28: 15 | W28: 18 | X28: 16 | Y28: 6 | Z28: 8 | AA28: 3 | AB28: 3 | AC28: 1
A29: HP electric (brine/water, water/water) | B29: - | C29: 68 | D29: 10 | E29: 2 | F29: 6 | G29: 1 | H29: 1 | I29: 0 | J29: 1 | K29: 0 | L29: 2 | M29: 4 | N29: 7 | O29: 0 | P29: 0 | Q29: 1 | R29: 2 | S29: 0 | T29: 9 | U29: 4 | V29: 5 | W29: 9 | X29: 0 | Y29: 0 | Z29: 3 | AA29: 0 | AB29: 1 | AC29: 0
A30: DH | B30: - | C30: 209 | D30: 18 | E30: 38 | F30: 20 | G30: 0 | H30: 16 | I30: 1 | J30: 1 | K30: 8 | L30: 6 | M30: 26 | N30: 6 | O30: 4 | P30: 4 | Q30: 13 | R30: 1 | S30: 0 | T30: 0 | U30: 9 | V30: 11 | W30: 8 | X30: 4 | Y30: 7 | Z30: 4 | AA30: 4 | AB30: 0 | AC30: 0
A31: ST | B31: - | C31: 12 | D31: 0 | E31: 2 | F31: 0 | G31: 0 | H31: 1 | I31: 0 | J31: 0 | K31: 0 | L31: 0 | M31: 0 | N31: 0 | O31: 0 | P31: 1 | Q31: 0 | R31: 0 | S31: 0 | T31: 0 | U31: 1 | V31: 0 | W31: 1 | X31: 0 | Y31: 1 | Z31: 1 | AA31: 1 | AB31: 1 | AC31: 2
A32: Ventilation and heat recovery | B32: - | C32: 0 | D32: 0 | E32: 0 | F32: 0 | G32: 0 | H32: 0 | I32: 0 | J32: 0 | K32: 0 | L32: 0 | M32: 0 | N32: 0 | O32: 0 | P32: 0 | Q32: 0 | R32: 0 | S32: 0 | T32: 0 | U32: 0 | V32: 0 | W32: 0 | X32: 0 | Y32: 0 | Z32: 0 | AA32: 0 | AB32: 0 | AC32: 0
A34: SFH
A35: Measure | B35: Index | D35: AG | E35: AI | F35: AR | G35: BE | H35: BL | I35: BS | J35: FR | K35: GE | L35: GL | M35: GR | N35: JU | O35: LU | P35: NE | Q35: NW | R35: OW | S35: SG | T35: SH | U35: SO | V35: SZ | W35: TG | X35: TI | Y35: UR | Z35: VD | AA35: VS | AB35: ZG | AC35: ZH
A36: Wood/pellet with daily tank | B36: 2 | D36: =HLOOKUP(D$35,$D$2:$AC$10,$B36,FALSE) -> 17 | E36: =HLOOKUP(E$35,$D$2:$AC$10,$B36,FALSE) -> 0 | F36: =HLOOKUP(F$35,$D$2:$AC$10,$B36,FALSE) -> 9 | G36: =HLOOKUP(G$35,$D$2:$AC$10,$B36,FALSE) -> 0 | H36: =HLOOKUP(H$35,$D$2:$AC$10,$B36,FALSE) -> 7 | I36: =HLOOKUP(I$35,$D$2:$AC$10,$B36,FALSE) -> 0 | J36: =HLOOKUP(J$35,$D$2:$AC$10,$B36,FALSE) -> 11 | K36: =HLOOKUP(K$35,$D$2:$AC$10,$B36,FALSE) -> 0 | ... AC36: =HLOOKUP(AC$35,$D$2:$AC$10,$B36,FALSE) -> 0
A37: Automatic wood heating, heat output ≤ 70 kW | B37: 3 | D37: =HLOOKUP(D$35,$D$2:$AC$10,$B37,FALSE) -> 15 | E37: =HLOOKUP(E$35,$D$2:$AC$10,$B37,FALSE) -> 0 | F37: =HLOOKUP(F$35,$D$2:$AC$10,$B37,FALSE) -> 7 | G37: =HLOOKUP(G$35,$D$2:$AC$10,$B37,FALSE) -> 186 | H37: =HLOOKUP(H$35,$D$2:$AC$10,$B37,FALSE) -> 29 | I37: =HLOOKUP(I$35,$D$2:$AC$10,$B37,FALSE) -> 5 | J37: =HLOOKUP(J$35,$D$2:$AC$10,$B37,FALSE) -> 24 | K37: =HLOOKUP(K$35,$D$2:$AC$10,$B37,FALSE) -> 0 | ... AC37: =HLOOKUP(AC$35,$D$2:$AC$10,$B37,FALSE) -> 0
A38: Automatic wood heating, heat output > 70 kW | B38: 4 | D38: =HLOOKUP(D$35,$D$2:$AC$10,$B38,FALSE) -> 0 | E38: =HLOOKUP(E$35,$D$2:$AC$10,$B38,FALSE) -> 0 | F38: =HLOOKUP(F$35,$D$2:$AC$10,$B38,FALSE) -> 0 | G38: =HLOOKUP(G$35,$D$2:$AC$10,$B38,FALSE) -> 1 | H38: =HLOOKUP(H$35,$D$2:$AC$10,$B38,FALSE) -> 0 | I38: =HLOOKUP(I$35,$D$2:$AC$10,$B38,FALSE) -> 0 | J38: =HLOOKUP(J$35,$D$2:$AC$10,$B38,FALSE) -> 0 | K38: =HLOOKUP(K$35,$D$2:$AC$10,$B38,FALSE) -> 0 | ... AC38: =HLOOKUP(AC$35,$D$2:$AC$10,$B38,FALSE) -> 0
A39: HP air-water | B39: 5 | D39: =HLOOKUP(D$35,$D$2:$AC$10,$B39,FALSE) -> 1548 | E39: =HLOOKUP(E$35,$D$2:$AC$10,$B39,FALSE) -> 20 | F39: =HLOOKUP(F$35,$D$2:$AC$10,$B39,FALSE) -> 227 | G39: =HLOOKUP(G$35,$D$2:$AC$10,$B39,FALSE) -> 2200 | H39: =HLOOKUP(H$35,$D$2:$AC$10,$B39,FALSE) -> 1158 | I39: =HLOOKUP(I$35,$D$2:$AC$10,$B39,FALSE) -> 165 | J39: =HLOOKUP(J$35,$D$2:$AC$10,$B39,FALSE) -> 804 | K39: =HLOOKUP(K$35,$D$2:$AC$10,$B39,FALSE) -> 449 | ... AC39: =HLOOKUP(AC$35,$D$2:$AC$10,$B39,FALSE) -> 1479
A40: HP electric (brine/water, water/water) | B40: 6 | D40: =HLOOKUP(D$35,$D$2:$AC$10,$B40,FALSE) -> 250 | E40: =HLOOKUP(E$35,$D$2:$AC$10,$B40,FALSE) -> 15 | F40: =HLOOKUP(F$35,$D$2:$AC$10,$B40,FALSE) -> 41 | G40: =HLOOKUP(G$35,$D$2:$AC$10,$B40,FALSE) -> 371 | H40: =HLOOKUP(H$35,$D$2:$AC$10,$B40,FALSE) -> 83 | I40: =HLOOKUP(I$35,$D$2:$AC$10,$B40,FALSE) -> 110 | J40: =HLOOKUP(J$35,$D$2:$AC$10,$B40,FALSE) -> 263 | K40: =HLOOKUP(K$35,$D$2:$AC$10,$B40,FALSE) -> 9 | ... AC40: =HLOOKUP(AC$35,$D$2:$AC$10,$B40,FALSE) -> 979
A41: DH | B41: 7 | D41: =HLOOKUP(D$35,$D$2:$AC$10,$B41,FALSE) -> 36 | E41: =HLOOKUP(E$35,$D$2:$AC$10,$B41,FALSE) -> 0 | F41: =HLOOKUP(F$35,$D$2:$AC$10,$B41,FALSE) -> 17 | G41: =HLOOKUP(G$35,$D$2:$AC$10,$B41,FALSE) -> 272 | H41: =HLOOKUP(H$35,$D$2:$AC$10,$B41,FALSE) -> 19 | I41: =HLOOKUP(I$35,$D$2:$AC$10,$B41,FALSE) -> 57 | J41: =HLOOKUP(J$35,$D$2:$AC$10,$B41,FALSE) -> 95 | K41: =HLOOKUP(K$35,$D$2:$AC$10,$B41,FALSE) -> 0 | ... AC41: =HLOOKUP(AC$35,$D$2:$AC$10,$B41,FALSE) -> 127
A42: ST | B42: 8 | D42: =HLOOKUP(D$35,$D$2:$AC$10,$B42,FALSE) -> 11 | E42: =HLOOKUP(E$35,$D$2:$AC$10,$B42,FALSE) -> 1 | F42: =HLOOKUP(F$35,$D$2:$AC$10,$B42,FALSE) -> 6 | G42: =HLOOKUP(G$35,$D$2:$AC$10,$B42,FALSE) -> 48 | H42: =HLOOKUP(H$35,$D$2:$AC$10,$B42,FALSE) -> 14 | I42: =HLOOKUP(I$35,$D$2:$AC$10,$B42,FALSE) -> 3 | J42: =HLOOKUP(J$35,$D$2:$AC$10,$B42,FALSE) -> 14 | K42: =HLOOKUP(K$35,$D$2:$AC$10,$B42,FALSE) -> 12 | ... AC42: =HLOOKUP(AC$35,$D$2:$AC$10,$B42,FALSE) -> 7
A43: Ventilation and heat recovery | B43: 9 | D43: =HLOOKUP(D$35,$D$2:$AC$10,$B43,FALSE) -> 0 | E43: =HLOOKUP(E$35,$D$2:$AC$10,$B43,FALSE) -> 0 | F43: =HLOOKUP(F$35,$D$2:$AC$10,$B43,FALSE) -> 0 | G43: =HLOOKUP(G$35,$D$2:$AC$10,$B43,FALSE) -> 2 | H43: =HLOOKUP(H$35,$D$2:$AC$10,$B43,FALSE) -> 0 | I43: =HLOOKUP(I$35,$D$2:$AC$10,$B43,FALSE) -> 0 | J43: =HLOOKUP(J$35,$D$2:$AC$10,$B43,FALSE) -> 0 | K43: =HLOOKUP(K$35,$D$2:$AC$10,$B43,FALSE) -> 1 | ... AC43: =HLOOKUP(AC$35,$D$2:$AC$10,$B43,FALSE) -> 0
A45: MFH
A46: Measure | B46: Index | D46: AG | E46: AI | F46: AR | G46: BE | H46: BL | I46: BS | J46: FR | K46: GE | L46: GL | M46: GR | N46: JU | O46: LU | P46: NE | Q46: NW | R46: OW | S46: SG | T46: SH | U46: SO | V46: SZ | W46: TG | X46: TI | Y46: UR | Z46: VD | AA46: VS | AB46: ZG | AC46: ZH
A47: Wood/pellet with daily tank | B47: 2 | D47: =HLOOKUP(D$46,$D$13:$AC$21,$B47,FALSE) -> 2 | E47: =HLOOKUP(E$46,$D$13:$AC$21,$B47,FALSE) -> 1 | F47: =HLOOKUP(F$46,$D$13:$AC$21,$B47,FALSE) -> 1 | G47: =HLOOKUP(G$46,$D$13:$AC$21,$B47,FALSE) -> 0 | H47: =HLOOKUP(H$46,$D$13:$AC$21,$B47,FALSE) -> 1 | I47: =HLOOKUP(I$46,$D$13:$AC$21,$B47,FALSE) -> 0 | J47: =HLOOKUP(J$46,$D$13:$AC$21,$B47,FALSE) -> 0 | K47: =HLOOKUP(K$46,$D$13:$AC$21,$B47,FALSE) -> 0 | ... AC47: =HLOOKUP(AC$46,$D$13:$AC$21,$B47,FALSE) -> 0
A48: Automatic wood heating, heat output ≤ 70 kW | B48: 3 | D48: =HLOOKUP(D$46,$D$13:$AC$21,$B48,FALSE) -> 5 | E48: =HLOOKUP(E$46,$D$13:$AC$21,$B48,FALSE) -> 1 | F48: =HLOOKUP(F$46,$D$13:$AC$21,$B48,FALSE) -> 1 | G48: =HLOOKUP(G$46,$D$13:$AC$21,$B48,FALSE) -> 72 | H48: =HLOOKUP(H$46,$D$13:$AC$21,$B48,FALSE) -> 18 | I48: =HLOOKUP(I$46,$D$13:$AC$21,$B48,FALSE) -> 4 | J48: =HLOOKUP(J$46,$D$13:$AC$21,$B48,FALSE) -> 13 | K48: =HLOOKUP(K$46,$D$13:$AC$21,$B48,FALSE) -> 0 | ... AC48: =HLOOKUP(AC$46,$D$13:$AC$21,$B48,FALSE) -> 0
A49: Automatic wood heating, heat output > 70 kW | B49: 4 | D49: =HLOOKUP(D$46,$D$13:$AC$21,$B49,FALSE) -> 0 | E49: =HLOOKUP(E$46,$D$13:$AC$21,$B49,FALSE) -> 0 | F49: =HLOOKUP(F$46,$D$13:$AC$21,$B49,FALSE) -> 0 | G49: =HLOOKUP(G$46,$D$13:$AC$21,$B49,FALSE) -> 10 | H49: =HLOOKUP(H$46,$D$13:$AC$21,$B49,FALSE) -> 2 | I49: =HLOOKUP(I$46,$D$13:$AC$21,$B49,FALSE) -> 1 | J49: =HLOOKUP(J$46,$D$13:$AC$21,$B49,FALSE) -> 3 | K49: =HLOOKUP(K$46,$D$13:$AC$21,$B49,FALSE) -> 0 | ... AC49: =HLOOKUP(AC$46,$D$13:$AC$21,$B49,FALSE) -> 0
A50: HP air-water | B50: 5 | D50: =HLOOKUP(D$46,$D$13:$AC$21,$B50,FALSE) -> 152 | E50: =HLOOKUP(E$46,$D$13:$AC$21,$B50,FALSE) -> 5 | F50: =HLOOKUP(F$46,$D$13:$AC$21,$B50,FALSE) -> 13 | G50: =HLOOKUP(G$46,$D$13:$AC$21,$B50,FALSE) -> 330 | H50: =HLOOKUP(H$46,$D$13:$AC$21,$B50,FALSE) -> 96 | I50: =HLOOKUP(I$46,$D$13:$AC$21,$B50,FALSE) -> 24 | J50: =HLOOKUP(J$46,$D$13:$AC$21,$B50,FALSE) -> 64 | K50: =HLOOKUP(K$46,$D$13:$AC$21,$B50,FALSE) -> 8 | ... AC50: =HLOOKUP(AC$46,$D$13:$AC$21,$B50,FALSE) -> 207
A51: HP electric (brine/water, water/water) | B51: 6 | D51: =HLOOKUP(D$46,$D$13:$AC$21,$B51,FALSE) -> 51 | E51: =HLOOKUP(E$46,$D$13:$AC$21,$B51,FALSE) -> 2 | F51: =HLOOKUP(F$46,$D$13:$AC$21,$B51,FALSE) -> 3 | G51: =HLOOKUP(G$46,$D$13:$AC$21,$B51,FALSE) -> 120 | H51: =HLOOKUP(H$46,$D$13:$AC$21,$B51,FALSE) -> 19 | I51: =HLOOKUP(I$46,$D$13:$AC$21,$B51,FALSE) -> 8 | J51: =HLOOKUP(J$46,$D$13:$AC$21,$B51,FALSE) -> 46 | K51: =HLOOKUP(K$46,$D$13:$AC$21,$B51,FALSE) -> 0 | ... AC51: =HLOOKUP(AC$46,$D$13:$AC$21,$B51,FALSE) -> 342
A52: DH | B52: 7 | D52: =HLOOKUP(D$46,$D$13:$AC$21,$B52,FALSE) -> 35 | E52: =HLOOKUP(E$46,$D$13:$AC$21,$B52,FALSE) -> 0 | F52: =HLOOKUP(F$46,$D$13:$AC$21,$B52,FALSE) -> 4 | G52: =HLOOKUP(G$46,$D$13:$AC$21,$B52,FALSE) -> 273 | H52: =HLOOKUP(H$46,$D$13:$AC$21,$B52,FALSE) -> 36 | I52: =HLOOKUP(I$46,$D$13:$AC$21,$B52,FALSE) -> 123 | J52: =HLOOKUP(J$46,$D$13:$AC$21,$B52,FALSE) -> 86 | K52: =HLOOKUP(K$46,$D$13:$AC$21,$B52,FALSE) -> 0 | ... AC52: =HLOOKUP(AC$46,$D$13:$AC$21,$B52,FALSE) -> 114
A53: ST | B53: 8 | D53: =HLOOKUP(D$46,$D$13:$AC$21,$B53,FALSE) -> 0 | E53: =HLOOKUP(E$46,$D$13:$AC$21,$B53,FALSE) -> 1 | F53: =HLOOKUP(F$46,$D$13:$AC$21,$B53,FALSE) -> 2 | G53: =HLOOKUP(G$46,$D$13:$AC$21,$B53,FALSE) -> 24 | H53: =HLOOKUP(H$46,$D$13:$AC$21,$B53,FALSE) -> 4 | I53: =HLOOKUP(I$46,$D$13:$AC$21,$B53,FALSE) -> 2 | J53: =HLOOKUP(J$46,$D$13:$AC$21,$B53,FALSE) -> 4 | K53: =HLOOKUP(K$46,$D$13:$AC$21,$B53,FALSE) -> 21 | ... AC53: =HLOOKUP(AC$46,$D$13:$AC$21,$B53,FALSE) -> 6
A54: Ventilation and heat recovery | B54: 9 | D54: =HLOOKUP(D$46,$D$13:$AC$21,$B54,FALSE) -> 0 | E54: =HLOOKUP(E$46,$D$13:$AC$21,$B54,FALSE) -> 0 | F54: =HLOOKUP(F$46,$D$13:$AC$21,$B54,FALSE) -> 0 | G54: =HLOOKUP(G$46,$D$13:$AC$21,$B54,FALSE) -> 1 | H54: =HLOOKUP(H$46,$D$13:$AC$21,$B54,FALSE) -> 0 | I54: =HLOOKUP(I$46,$D$13:$AC$21,$B54,FALSE) -> 2 | J54: =HLOOKUP(J$46,$D$13:$AC$21,$B54,FALSE) -> 0 | K54: =HLOOKUP(K$46,$D$13:$AC$21,$B54,FALSE) -> 0 | ... AC54: =HLOOKUP(AC$46,$D$13:$AC$21,$B54,FALSE) -> 0
A56: Non Res
A57: Measure | B57: Index | D57: AG | E57: AI | F57: AR | G57: BE | H57: BL | I57: BS | J57: FR | K57: GE | L57: GL | M57: GR | N57: JU | O57: LU | P57: NE | Q57: NW | R57: OW | S57: SG | T57: SH | U57: SO | V57: SZ | W57: TG | X57: TI | Y57: UR | Z57: VD | AA57: VS | AB57: ZG | AC57: ZH
A58: Wood/pellet with daily tank | B58: 2 | D58: =HLOOKUP(D$57,$D$24:$AC$32,$B58,FALSE) -> 0 | E58: =HLOOKUP(E$57,$D$24:$AC$32,$B58,FALSE) -> 0 | F58: =HLOOKUP(F$57,$D$24:$AC$32,$B58,FALSE) -> 1 | G58: =HLOOKUP(G$57,$D$24:$AC$32,$B58,FALSE) -> 0 | H58: =HLOOKUP(H$57,$D$24:$AC$32,$B58,FALSE) -> 0 | I58: =HLOOKUP(I$57,$D$24:$AC$32,$B58,FALSE) -> 0 | J58: =HLOOKUP(J$57,$D$24:$AC$32,$B58,FALSE) -> 0 | K58: =HLOOKUP(K$57,$D$24:$AC$32,$B58,FALSE) -> 0 | ... AC58: =HLOOKUP(AC$57,$D$24:$AC$32,$B58,FALSE) -> 0
A59: Automatic wood heating, heat output ≤ 70 kW | B59: 3 | D59: =HLOOKUP(D$57,$D$24:$AC$32,$B59,FALSE) -> 1 | E59: =HLOOKUP(E$57,$D$24:$AC$32,$B59,FALSE) -> 0 | F59: =HLOOKUP(F$57,$D$24:$AC$32,$B59,FALSE) -> 0 | G59: =HLOOKUP(G$57,$D$24:$AC$32,$B59,FALSE) -> 5 | H59: =HLOOKUP(H$57,$D$24:$AC$32,$B59,FALSE) -> 2 | I59: =HLOOKUP(I$57,$D$24:$AC$32,$B59,FALSE) -> 0 | J59: =HLOOKUP(J$57,$D$24:$AC$32,$B59,FALSE) -> 1 | K59: =HLOOKUP(K$57,$D$24:$AC$32,$B59,FALSE) -> 0 | ... AC59: =HLOOKUP(AC$57,$D$24:$AC$32,$B59,FALSE) -> 0
A60: Automatic wood heating, heat output > 70 kW | B60: 4 | D60: =HLOOKUP(D$57,$D$24:$AC$32,$B60,FALSE) -> 0 | E60: =HLOOKUP(E$57,$D$24:$AC$32,$B60,FALSE) -> 0 | F60: =HLOOKUP(F$57,$D$24:$AC$32,$B60,FALSE) -> 0 | G60: =HLOOKUP(G$57,$D$24:$AC$32,$B60,FALSE) -> 4 | H60: =HLOOKUP(H$57,$D$24:$AC$32,$B60,FALSE) -> 0 | I60: =HLOOKUP(I$57,$D$24:$AC$32,$B60,FALSE) -> 0 | J60: =HLOOKUP(J$57,$D$24:$AC$32,$B60,FALSE) -> 0 | K60: =HLOOKUP(K$57,$D$24:$AC$32,$B60,FALSE) -> 0 | ... AC60: =HLOOKUP(AC$57,$D$24:$AC$32,$B60,FALSE) -> 0
A61: HP air-water | B61: 5 | D61: =HLOOKUP(D$57,$D$24:$AC$32,$B61,FALSE) -> 15 | E61: =HLOOKUP(E$57,$D$24:$AC$32,$B61,FALSE) -> 1 | F61: =HLOOKUP(F$57,$D$24:$AC$32,$B61,FALSE) -> 7 | G61: =HLOOKUP(G$57,$D$24:$AC$32,$B61,FALSE) -> 19 | H61: =HLOOKUP(H$57,$D$24:$AC$32,$B61,FALSE) -> 7 | I61: =HLOOKUP(I$57,$D$24:$AC$32,$B61,FALSE) -> 1 | J61: =HLOOKUP(J$57,$D$24:$AC$32,$B61,FALSE) -> 10 | K61: =HLOOKUP(K$57,$D$24:$AC$32,$B61,FALSE) -> 3 | ... AC61: =HLOOKUP(AC$57,$D$24:$AC$32,$B61,FALSE) -> 31
A62: HP electric (brine/water, water/water) | B62: 6 | D62: =HLOOKUP(D$57,$D$24:$AC$32,$B62,FALSE) -> 5 | E62: =HLOOKUP(E$57,$D$24:$AC$32,$B62,FALSE) -> 0 | F62: =HLOOKUP(F$57,$D$24:$AC$32,$B62,FALSE) -> 2 | G62: =HLOOKUP(G$57,$D$24:$AC$32,$B62,FALSE) -> 2 | H62: =HLOOKUP(H$57,$D$24:$AC$32,$B62,FALSE) -> 0 | I62: =HLOOKUP(I$57,$D$24:$AC$32,$B62,FALSE) -> 0 | J62: =HLOOKUP(J$57,$D$24:$AC$32,$B62,FALSE) -> 4 | K62: =HLOOKUP(K$57,$D$24:$AC$32,$B62,FALSE) -> 1 | ... AC62: =HLOOKUP(AC$57,$D$24:$AC$32,$B62,FALSE) -> 10
A63: DH | B63: 7 | D63: =HLOOKUP(D$57,$D$24:$AC$32,$B63,FALSE) -> 11 | E63: =HLOOKUP(E$57,$D$24:$AC$32,$B63,FALSE) -> 0 | F63: =HLOOKUP(F$57,$D$24:$AC$32,$B63,FALSE) -> 1 | G63: =HLOOKUP(G$57,$D$24:$AC$32,$B63,FALSE) -> 38 | H63: =HLOOKUP(H$57,$D$24:$AC$32,$B63,FALSE) -> 4 | I63: =HLOOKUP(I$57,$D$24:$AC$32,$B63,FALSE) -> 4 | J63: =HLOOKUP(J$57,$D$24:$AC$32,$B63,FALSE) -> 26 | K63: =HLOOKUP(K$57,$D$24:$AC$32,$B63,FALSE) -> 0 | ... AC63: =HLOOKUP(AC$57,$D$24:$AC$32,$B63,FALSE) -> 18
A64: ST | B64: 8 | D64: =HLOOKUP(D$57,$D$24:$AC$32,$B64,FALSE) -> 0 | E64: =HLOOKUP(E$57,$D$24:$AC$32,$B64,FALSE) -> 0 | F64: =HLOOKUP(F$57,$D$24:$AC$32,$B64,FALSE) -> 0 | G64: =HLOOKUP(G$57,$D$24:$AC$32,$B64,FALSE) -> 2 | H64: =HLOOKUP(H$57,$D$24:$AC$32,$B64,FALSE) -> 1 | I64: =HLOOKUP(I$57,$D$24:$AC$32,$B64,FALSE) -> 0 | J64: =HLOOKUP(J$57,$D$24:$AC$32,$B64,FALSE) -> 0 | K64: =HLOOKUP(K$57,$D$24:$AC$32,$B64,FALSE) -> 1 | ... AC64: =HLOOKUP(AC$57,$D$24:$AC$32,$B64,FALSE) -> 0
A65: Ventilation and heat recovery | B65: 9 | D65: =HLOOKUP(D$57,$D$24:$AC$32,$B65,FALSE) -> 0 | E65: =HLOOKUP(E$57,$D$24:$AC$32,$B65,FALSE) -> 0 | F65: =HLOOKUP(F$57,$D$24:$AC$32,$B65,FALSE) -> 0 | G65: =HLOOKUP(G$57,$D$24:$AC$32,$B65,FALSE) -> 0 | H65: =HLOOKUP(H$57,$D$24:$AC$32,$B65,FALSE) -> 0 | I65: =HLOOKUP(I$57,$D$24:$AC$32,$B65,FALSE) -> 0 | J65: =HLOOKUP(J$57,$D$24:$AC$32,$B65,FALSE) -> 0 | K65: =HLOOKUP(K$57,$D$24:$AC$32,$B65,FALSE) -> 0 | ... AC65: =HLOOKUP(AC$57,$D$24:$AC$32,$B65,FALSE) -> 0
C67: HP - SFH | D67: =SUM(D39:D40) -> 1798 | E67: =SUM(E39:E40) -> 35 | F67: =SUM(F39:F40) -> 268 | G67: =SUM(G39:G40) -> 2571 | H67: =SUM(H39:H40) -> 1241 | I67: =SUM(I39:I40) -> 275 | J67: =SUM(J39:J40) -> 1067 | K67: =SUM(K39:K40) -> 458 | ... AC67: =SUM(AC39:AC40) -> 2458
C68: HP - MFH | D68: =SUM(D50:D51) -> 203 | E68: =SUM(E50:E51) -> 7 | F68: =SUM(F50:F51) -> 16 | G68: =SUM(G50:G51) -> 450 | H68: =SUM(H50:H51) -> 115 | I68: =SUM(I50:I51) -> 32 | J68: =SUM(J50:J51) -> 110 | K68: =SUM(K50:K51) -> 8 | ... AC68: =SUM(AC50:AC51) -> 549
C69: HP - NonRes | D69: =SUM(D61:D62) -> 20 | E69: =SUM(E61:E62) -> 1 | F69: =SUM(F61:F62) -> 9 | G69: =SUM(G61:G62) -> 21 | H69: =SUM(H61:H62) -> 7 | I69: =SUM(I61:I62) -> 1 | J69: =SUM(J61:J62) -> 14 | K69: =SUM(K61:K62) -> 4 | ... AC69: =SUM(AC61:AC62) -> 41
C71: TOT | D71: =SUM(D36:D43,D47:D54,D58:D65) -> 2154 | E71: =SUM(E36:E43,E47:E54,E58:E65) -> 47 | F71: =SUM(F36:F43,F47:F54,F58:F65) -> 342 | G71: =SUM(G36:G43,G47:G54,G58:G65) -> 3980 | H71: =SUM(H36:H43,H47:H54,H58:H65) -> 1500 | I71: =SUM(I36:I43,I47:I54,I58:I65) -> 509 | J71: =SUM(J36:J43,J47:J54,J58:J65) -> 1468 | K71: =SUM(K36:K43,K47:K54,K58:K65) -> 505 | ... AC71: =SUM(AC36:AC43,AC47:AC54,AC58:AC65) -> 3320

Sheet 2023 CHF
A1: SFH
A2: Measure | B2: Unit | C2: CH | D2: ZH | E2: BE | F2: LU | G2: UR | H2: SZ | I2: OW | J2: NW | K2: GL | L2: ZG | M2: FR | N2: SO | O2: BS | P2: BL | Q2: SH | R2: AR | S2: AI | T2: SG | U2: GR | V2: AG | W2: TG | X2: TI | Y2: VD | Z2: VS | AA2: NE | AB2: GE | AC2: JU
A3: Wood/pellet with daily tank | B3: CHF | C3: 951552 | D3: 0 | E3: 0 | F3: 15000 | G3: 36000 | H3: 25000 | I3: 30000 | J3: 0 | K3: 26000 | L3: 0 | M3: 61000 | N3: 11000 | O3: 0 | P3: 21000 | Q3: 42000 | R3: 53000 | S3: 0 | T3: 15000 | U3: 252500 | V3: 61800 | W3: 34100 | X3: 57000 | Y3: 118300 | Z3: 70000 | AA3: 0 | AB3: 0 | AC3: 22852
A4: Automatic wood heating, heat output ≤ 70 kW | B4: CHF | C4: 5186252 | D4: 0 | E4: 1332886 | F4: 122110 | G4: 24000 | H4: 30050 | I4: 0 | J4: 6913 | K4: 39760 | L4: 4750 | M4: 134044 | N4: 519277 | O4: 70030 | P4: 208905 | Q4: 64000 | R4: 53465 | S4: 0 | T4: 0 | U4: 421280 | V4: 63980 | W4: 123350 | X4: 120458 | Y4: 1247132 | Z4: 315732 | AA4: 180165 | AB4: 0 | AC4: 103965
A5: Automatic wood heating, heat output > 70 kW | B5: CHF | C5: 48740 | D5: 0 | E5: 6300 | F5: 0 | G5: 0 | H5: 0 | I5: 0 | J5: 0 | K5: 0 | L5: 0 | M5: 0 | N5: 0 | O5: 0 | P5: 0 | Q5: 0 | R5: 0 | S5: 0 | T5: 0 | U5: 42440 | V5: 0 | W5: 0 | X5: 0 | Y5: 0 | Z5: 0 | AA5: 0 | AB5: 0 | AC5: 0
A6: HP air-water | B6: CHF | C6: 97706583 | D6: 7283484 | E6: 14810665 | F6: 1750570 | G6: 86800 | H6: 1403910 | I6: 51000 | J6: 80637 | K6: 737927 | L6: 722500 | M6: 5690235 | N6: 6370240 | O6: 1707904 | P6: 9264144 | Q6: 991500 | R6: 1164635 | S6: 43967 | T6: 3769608 | U6: 2909310 | V6: 7037199 | W6: 4231550 | X6: 9286851 | Y6: 5536433 | Z6: 7554494 | AA6: 1811675 | AB6: 3197208 | AC6: 212137
A7: HP electric (brine/water, water/water) | B7: CHF | C7: 45352216 | D7: 10611639 | E7: 3665500 | F7: 2785727 | G7: 34000 | H7: 269714 | I7: 18000 | J7: 29115 | K7: 85179 | L7: 2681760 | M7: 2727025 | N7: 1487753 | O7: 3147093 | P7: 998844 | Q7: 352800 | R7: 409806 | S7: 63961 | T7: 3068160 | U7: 1639105 | V7: 1930967 | W7: 3840900 | X7: 51867 | Y7: 4861930 | Z7: 349006 | AA7: 102408 | AB7: 112248 | AC7: 27709
A8: DH | B8: CHF | C8: 6852625 | D8: 1020849 | E8: 1644742 | F8: 250117 | G8: 84000 | H8: 485526 | I8: 61000 | J8: 23488.5 | K8: 119010 | L8: 13690 | M8: 766909 | N8: 207509 | O8: 363164 | P8: 161690 | Q8: 572029 | R8: 110797.5 | S8: 0 | T8: 10000 | U8: 111760 | V8: 173846 | W8: 267598 | X8: 117550 | Y8: 134284 | Z8: 73571 | AA8: 63761 | AB8: 0 | AC8: 15734
A9: ST | B9: CHF | C9: 2258754.5 | D9: 31000 | E9: 213600 | F9: 128214 | G9: 16600 | H9: 17197 | I9: 0 | J9: 0 | K9: 13700 | L9: 0 | M9: 58519 | N9: 66592.5 | O9: 14372 | P9: 69661 | Q9: 0 | R9: 33585 | S9: 3670 | T9: 21000 | U9: 224777 | V9: 42858 | W9: 36420 | X9: 97519 | Y9: 956122 | Z9: 73413 | AA9: 64824 | AB9: 30583 | AC9: 44528
A10: Ventilation and heat recovery | B10: CHF | C10: 39800 | D10: 0 | E10: 6000 | F10: 0 | G10: 0 | H10: 0 | I10: 0 | J10: 0 | K10: 0 | L10: 0 | M10: 0 | N10: 0 | O10: 0 | P10: 0 | Q10: 0 | R10: 0 | S10: 0 | T10: 0 | U10: 15000 | V10: 0 | W10: 14000 | X10: 0 | Y10: 2400 | Z10: 0 | AA10: 0 | AB10: 2400 | AC10: 0
A12: MFH
A13: Measure | B13: Unit | C13: CH | D13: ZH | E13: BE | F13: LU | G13: UR | H13: SZ | I13: OW | J13: NW | K13: GL | L13: ZG | M13: FR | N13: SO | O13: BS | P13: BL | Q13: SH | R13: AR | S13: AI | T13: SG | U13: GR | V13: AG | W13: TG | X13: TI | Y13: VD | Z13: VS | AA13: NE | AB13: GE | AC13: JU
A14: Wood/pellet with daily tank | B14: CHF | C14: 153490 | D14: 0 | E14: 0 | F14: 0 | G14: 28000 | H14: 10000 | I14: 0 | J14: 0 | K14: 10000 | L14: 0 | M14: 0 | N14: 2990 | O14: 0 | P14: 5000 | Q14: 0 | R14: 10000 | S14: 4000 | T14: 7500 | U14: 55000 | V14: 6000 | W14: 12000 | X14: 3000 | Y14: 0 | Z14: 0 | AA14: 0 | AB14: 0 | AC14: 0
A15: Automatic wood heating, heat output ≤ 70 kW | B15: CHF | C15: 3537372 | D15: 0 | E15: 558197 | F15: 183840 | G15: 18000 | H15: 15130 | I15: 0 | J15: 4625 | K15: 49240 | L15: 5125 | M15: 88616 | N15: 220309 | O15: 67260 | P15: 149035 | Q15: 94775 | R15: 8000 | S15: 4550 | T15: 0 | U15: 911920 | V15: 19953 | W15: 94750 | X15: 36720 | Y15: 369240 | Z15: 267867 | AA15: 303040 | AB15: 0 | AC15: 67180
A16: Automatic wood heating, heat output > 70 kW | B16: CHF | C16: 1268583 | D16: 0 | E16: 240260 | F16: 0 | G16: 0 | H16: 0 | I16: 0 | J16: 0 | K16: 0 | L16: 0 | M16: 147200 | N16: 0 | O16: 24100 | P16: 55520 | Q16: 0 | R16: 0 | S16: 0 | T16: 0 | U16: 555075 | V16: 0 | W16: 32750 | X16: 30460 | Y16: 59808 | Z16: 123410 | AA16: 0 | AB16: 0 | AC16: 0
A17: HP air-water | B17: CHF | C17: 13770270 | D17: 1104723 | E17: 2342750 | F17: 497159 | G17: 37000 | H17: 430322 | I17: 0 | J17: 129421 | K17: 47020 | L17: 263500 | M17: 517882 | N17: 725483 | O17: 313327 | P17: 868524 | Q17: 81885 | R17: 69419 | S17: 11465 | T17: 103180 | U17: 1427488 | V17: 791767 | W17: 529449 | X17: 627887 | Y17: 406302 | Z17: 2228342 | AA17: 113156 | AB17: 87361 | AC17: 15458
A18: HP electric (brine/water, water/water) | B18: CHF | C18: 17617281 | D18: 4668524 | E18: 1277020 | F18: 2134794 | G18: 34000 | H18: 429070 | I18: 13530 | J18: 155248 | K18: 52128 | L18: 1279161 | M18: 684249 | N18: 646169 | O18: 284865 | P18: 281968 | Q18: 58600 | R18: 32988 | S18: 9660 | T18: 606818 | U18: 1955390 | V18: 556889 | W18: 1336684 | X18: 55134 | Y18: 708500 | Z18: 339527 | AA18: 8625 | AB18: 0 | AC18: 7740
A19: DH | B19: CHF | C19: 12434666 | D19: 968085 | E19: 1909506 | F19: 601826 | G19: 195940 | H19: 996405 | I19: 80600 | J19: 161872 | K19: 44220 | L19: 380540 | M19: 818030 | N19: 335986 | O19: 1772830 | P19: 492265 | Q19: 730345 | R19: 25490 | S19: 0 | T19: 0 | U19: 1010475 | V19: 190417 | W19: 308919 | X19: 161950 | Y19: 260099.5 | Z19: 872566 | AA19: 111700 | AB19: 0 | AC19: 4600
A20: ST | B20: CHF | C20: 1124959.6 | D20: 47581 | E20: 151300 | F20: 87606.55 | G20: 0 | H20: 27687 | I20: 0 | J20: 0 | K20: 0 | L20: 0 | M20: 26865 | N20: 5805 | O20: 14880 | P20: 31724 | Q20: 0 | R20: 14959 | S20: 5670 | T20: 8000 | U20: 123455 | V20: 0 | W20: 15173 | X20: 29736 | Y20: 325146 | Z20: 34288 | AA20: 41270 | AB20: 117520 | AC20: 16294
A21: Ventilation and heat recovery | B21: CHF | C21: 506200 | D21: 0 | E21: 9000 | F21: 0 | G21: 0 | H21: 0 | I21: 0 | J21: 0 | K21: 0 | L21: 0 | M21: 0 | N21: 0 | O21: 52800 | P21: 0 | Q21: 0 | R21: 0 | S21: 0 | T21: 0 | U21: 190000 | V21: 0 | W21: 0 | X21: 0 | Y21: 254400 | Z21: 0 | AA21: 0 | AB21: 0 | AC21: 0
A23: Non Res
A24: Measure | B24: Unit | C24: CH | D24: ZH | E24: BE | F24: LU | G24: UR | H24: SZ | I24: OW | J24: NW | K24: GL | L24: ZG | M24: FR | N24: SO | O24: BS | P24: BL | Q24: SH | R24: AR | S24: AI | T24: SG | U24: GR | V24: AG | W24: TG | X24: TI | Y24: VD | Z24: VS | AA24: NE | AB24: GE | AC24: JU
A25: Wood/pellet with daily tank | B25: CHF | C25: 35500 | D25: 0 | E25: 0 | F25: 10000 | G25: 0 | H25: 0 | I25: 0 | J25: 0 | K25: 0 | L25: 0 | M25: 0 | N25: 0 | O25: 0 | P25: 0 | Q25: 0 | R25: 5500 | S25: 0 | T25: 0 | U25: 10000 | V25: 0 | W25: 10000 | X25: 0 | Y25: 0 | Z25: 0 | AA25: 0 | AB25: 0 | AC25: 0
A26: Automatic wood heating, heat output ≤ 70 kW | B26: CHF | C26: 320308 | D26: 0 | E26: 34500 | F26: 17000 | G26: 0 | H26: 8200 | I26: 0 | J26: 0 | K26: 0 | L26: 6400 | M26: 4040 | N26: 24000 | O26: 0 | P26: 20150 | Q26: 0 | R26: 0 | S26: 0 | T26: 0 | U26: 11960 | V26: 4473 | W26: 0 | X26: 8250 | Y26: 42000 | Z26: 132135 | AA26: 7200 | AB26: 0 | AC26: 0
A27: Automatic wood heating, heat output > 70 kW | B27: CHF | C27: 291144 | D27: 0 | E27: 72680 | F27: 13986 | G27: 0 | H27: 0 | I27: 0 | J27: 0 | K27: 0 | L27: 0 | M27: 0 | N27: 33338 | O27: 0 | P27: 0 | Q27: 0 | R27: 0 | S27: 0 | T27: 23940 | U27: 0 | V27: 0 | W27: 0 | X27: 0 | Y27: 20000 | Z27: 0 | AA27: 0 | AB27: 0 | AC27: 127200
A28: HP air-water | B28: CHF | C28: 1980393 | D28: 176549 | E28: 146950 | F28: 47980 | G28: 0 | H28: 37012 | I28: 0 | J28: 3345 | K28: 0 | L28: 8500 | M28: 78245 | N28: 151267 | O28: 9500 | P28: 63035 | Q28: 7000 | R28: 39302 | S28: 2140 | T28: 33354 | U28: 187576 | V28: 120023 | W28: 142666 | X28: 249644 | Y28: 45738 | Z28: 345888 | AA28: 18893 | AB28: 62312 | AC28: 3474
A29: HP electric (brine/water, water/water) | B29: CHF | C29: 1534754 | D29: 160879 | E29: 20000 | F29: 98010 | G29: 13400 | H29: 18000 | I29: 0 | J29: 50000 | K29: 0 | L29: 62464 | M29: 72030 | N29: 251413 | O29: 0 | P29: 0 | Q29: 18000 | R29: 24284 | S29: 0 | T29: 115978 | U29: 82750 | V29: 61089 | W29: 183954 | X29: 0 | Y29: 0 | Z29: 225903 | AA29: 0 | AB29: 76600 | AC29: 0
A30: DH | B30: CHF | C30: 3264747 | D30: 206155 | E30: 408550 | F30: 352568 | G30: 0 | H30: 495960 | I30: 5000 | J30: 9332 | K30: 60124 | L30: 230920 | M30: 310812 | N30: 64375 | O30: 64600 | P30: 46540 | Q30: 206155 | R30: 5200 | S30: 0 | T30: 0 | U30: 342940 | V30: 81946 | W30: 114773 | X30: 53500 | Y30: 106772 | Z30: 76705 | AA30: 21820 | AB30: 0 | AC30: 0
A31: ST | B31: CHF | C31: 103639 | D31: 0 | E31: 17900 | F31: 0 | G31: 0 | H31: 7598 | I31: 0 | J31: 0 | K31: 0 | L31: 0 | M31: 0 | N31: 0 | O31: 0 | P31: 6084 | Q31: 0 | R31: 0 | S31: 0 | T31: 0 | U31: 13880 | V31: 0 | W31: 16758 | X31: 0 | Y31: 11760 | Z31: 6920 | AA31: 2784 | AB31: 7375 | AC31: 12580
A32: Ventilation and heat recovery | B32: CHF | C32: 0 | D32: 0 | E32: 0 | F32: 0 | G32: 0 | H32: 0 | I32: 0 | J32: 0 | K32: 0 | L32: 0 | M32: 0 | N32: 0 | O32: 0 | P32: 0 | Q32: 0 | R32: 0 | S32: 0 | T32: 0 | U32: 0 | V32: 0 | W32: 0 | X32: 0 | Y32: 0 | Z32: 0 | AA32: 0 | AB32: 0 | AC32: 0
A34: SFH
A35: Measure | B35: Index | D35: AG | E35: AI | F35: AR | G35: BE | H35: BL | I35: BS | J35: FR | K35: GE | L35: GL | M35: GR | N35: JU | O35: LU | P35: NE | Q35: NW | R35: OW | S35: SG | T35: SH | U35: SO | V35: SZ | W35: TG | X35: TI | Y35: UR | Z35: VD | AA35: VS | AB35: ZG | AC35: ZH
A36: Wood/pellet with daily tank | B36: 2 | D36: =HLOOKUP(D$35,$D$2:$AC$10,$B36,FALSE) -> 61800 | E36: =HLOOKUP(E$35,$D$2:$AC$10,$B36,FALSE) -> 0 | F36: =HLOOKUP(F$35,$D$2:$AC$10,$B36,FALSE) -> 53000 | G36: =HLOOKUP(G$35,$D$2:$AC$10,$B36,FALSE) -> 0 | H36: =HLOOKUP(H$35,$D$2:$AC$10,$B36,FALSE) -> 21000 | I36: =HLOOKUP(I$35,$D$2:$AC$10,$B36,FALSE) -> 0 | J36: =HLOOKUP(J$35,$D$2:$AC$10,$B36,FALSE) -> 61000 | K36: =HLOOKUP(K$35,$D$2:$AC$10,$B36,FALSE) -> 0 | ... AC36: =HLOOKUP(AC$35,$D$2:$AC$10,$B36,FALSE) -> 0
A37: Automatic wood heating, heat output ≤ 70 kW | B37: 3 | D37: =HLOOKUP(D$35,$D$2:$AC$10,$B37,FALSE) -> 63980 | E37: =HLOOKUP(E$35,$D$2:$AC$10,$B37,FALSE) -> 0 | F37: =HLOOKUP(F$35,$D$2:$AC$10,$B37,FALSE) -> 53465 | G37: =HLOOKUP(G$35,$D$2:$AC$10,$B37,FALSE) -> 1332886 | H37: =HLOOKUP(H$35,$D$2:$AC$10,$B37,FALSE) -> 208905 | I37: =HLOOKUP(I$35,$D$2:$AC$10,$B37,FALSE) -> 70030 | J37: =HLOOKUP(J$35,$D$2:$AC$10,$B37,FALSE) -> 134044 | K37: =HLOOKUP(K$35,$D$2:$AC$10,$B37,FALSE) -> 0 | ... AC37: =HLOOKUP(AC$35,$D$2:$AC$10,$B37,FALSE) -> 0
A38: Automatic wood heating, heat output > 70 kW | B38: 4 | D38: =HLOOKUP(D$35,$D$2:$AC$10,$B38,FALSE) -> 0 | E38: =HLOOKUP(E$35,$D$2:$AC$10,$B38,FALSE) -> 0 | F38: =HLOOKUP(F$35,$D$2:$AC$10,$B38,FALSE) -> 0 | G38: =HLOOKUP(G$35,$D$2:$AC$10,$B38,FALSE) -> 6300 | H38: =HLOOKUP(H$35,$D$2:$AC$10,$B38,FALSE) -> 0 | I38: =HLOOKUP(I$35,$D$2:$AC$10,$B38,FALSE) -> 0 | J38: =HLOOKUP(J$35,$D$2:$AC$10,$B38,FALSE) -> 0 | K38: =HLOOKUP(K$35,$D$2:$AC$10,$B38,FALSE) -> 0 | ... AC38: =HLOOKUP(AC$35,$D$2:$AC$10,$B38,FALSE) -> 0
A39: HP air-water | B39: 5 | D39: =HLOOKUP(D$35,$D$2:$AC$10,$B39,FALSE) -> 7037199 | E39: =HLOOKUP(E$35,$D$2:$AC$10,$B39,FALSE) -> 43967 | F39: =HLOOKUP(F$35,$D$2:$AC$10,$B39,FALSE) -> 1164635 | G39: =HLOOKUP(G$35,$D$2:$AC$10,$B39,FALSE) -> 14810665 | H39: =HLOOKUP(H$35,$D$2:$AC$10,$B39,FALSE) -> 9264144 | I39: =HLOOKUP(I$35,$D$2:$AC$10,$B39,FALSE) -> 1707904 | J39: =HLOOKUP(J$35,$D$2:$AC$10,$B39,FALSE) -> 5690235 | K39: =HLOOKUP(K$35,$D$2:$AC$10,$B39,FALSE) -> 3197208 | ... AC39: =HLOOKUP(AC$35,$D$2:$AC$10,$B39,FALSE) -> 7283484
A40: HP electric (brine/water, water/water) | B40: 6 | D40: =HLOOKUP(D$35,$D$2:$AC$10,$B40,FALSE) -> 1930967 | E40: =HLOOKUP(E$35,$D$2:$AC$10,$B40,FALSE) -> 63961 | F40: =HLOOKUP(F$35,$D$2:$AC$10,$B40,FALSE) -> 409806 | G40: =HLOOKUP(G$35,$D$2:$AC$10,$B40,FALSE) -> 3665500 | H40: =HLOOKUP(H$35,$D$2:$AC$10,$B40,FALSE) -> 998844 | I40: =HLOOKUP(I$35,$D$2:$AC$10,$B40,FALSE) -> 3147093 | J40: =HLOOKUP(J$35,$D$2:$AC$10,$B40,FALSE) -> 2727025 | K40: =HLOOKUP(K$35,$D$2:$AC$10,$B40,FALSE) -> 112248 | ... AC40: =HLOOKUP(AC$35,$D$2:$AC$10,$B40,FALSE) -> 10611639
A41: DH | B41: 7 | D41: =HLOOKUP(D$35,$D$2:$AC$10,$B41,FALSE) -> 173846 | E41: =HLOOKUP(E$35,$D$2:$AC$10,$B41,FALSE) -> 0 | F41: =HLOOKUP(F$35,$D$2:$AC$10,$B41,FALSE) -> 110797.5 | G41: =HLOOKUP(G$35,$D$2:$AC$10,$B41,FALSE) -> 1644742 | H41: =HLOOKUP(H$35,$D$2:$AC$10,$B41,FALSE) -> 161690 | I41: =HLOOKUP(I$35,$D$2:$AC$10,$B41,FALSE) -> 363164 | J41: =HLOOKUP(J$35,$D$2:$AC$10,$B41,FALSE) -> 766909 | K41: =HLOOKUP(K$35,$D$2:$AC$10,$B41,FALSE) -> 0 | ... AC41: =HLOOKUP(AC$35,$D$2:$AC$10,$B41,FALSE) -> 1020849
A42: ST | B42: 8 | D42: =HLOOKUP(D$35,$D$2:$AC$10,$B42,FALSE) -> 42858 | E42: =HLOOKUP(E$35,$D$2:$AC$10,$B42,FALSE) -> 3670 | F42: =HLOOKUP(F$35,$D$2:$AC$10,$B42,FALSE) -> 33585 | G42: =HLOOKUP(G$35,$D$2:$AC$10,$B42,FALSE) -> 213600 | H42: =HLOOKUP(H$35,$D$2:$AC$10,$B42,FALSE) -> 69661 | I42: =HLOOKUP(I$35,$D$2:$AC$10,$B42,FALSE) -> 14372 | J42: =HLOOKUP(J$35,$D$2:$AC$10,$B42,FALSE) -> 58519 | K42: =HLOOKUP(K$35,$D$2:$AC$10,$B42,FALSE) -> 30583 | ... AC42: =HLOOKUP(AC$35,$D$2:$AC$10,$B42,FALSE) -> 31000
A43: Ventilation and heat recovery | B43: 9 | D43: =HLOOKUP(D$35,$D$2:$AC$10,$B43,FALSE) -> 0 | E43: =HLOOKUP(E$35,$D$2:$AC$10,$B43,FALSE) -> 0 | F43: =HLOOKUP(F$35,$D$2:$AC$10,$B43,FALSE) -> 0 | G43: =HLOOKUP(G$35,$D$2:$AC$10,$B43,FALSE) -> 6000 | H43: =HLOOKUP(H$35,$D$2:$AC$10,$B43,FALSE) -> 0 | I43: =HLOOKUP(I$35,$D$2:$AC$10,$B43,FALSE) -> 0 | J43: =HLOOKUP(J$35,$D$2:$AC$10,$B43,FALSE) -> 0 | K43: =HLOOKUP(K$35,$D$2:$AC$10,$B43,FALSE) -> 2400 | ... AC43: =HLOOKUP(AC$35,$D$2:$AC$10,$B43,FALSE) -> 0
A45: MFH
A46: Measure | B46: Index | D46: AG | E46: AI | F46: AR | G46: BE | H46: BL | I46: BS | J46: FR | K46: GE | L46: GL | M46: GR | N46: JU | O46: LU | P46: NE | Q46: NW | R46: OW | S46: SG | T46: SH | U46: SO | V46: SZ | W46: TG | X46: TI | Y46: UR | Z46: VD | AA46: VS | AB46: ZG | AC46: ZH
A47: Wood/pellet with daily tank | B47: 2 | D47: =HLOOKUP(D$46,$D$13:$AC$21,$B47,FALSE) -> 6000 | E47: =HLOOKUP(E$46,$D$13:$AC$21,$B47,FALSE) -> 4000 | F47: =HLOOKUP(F$46,$D$13:$AC$21,$B47,FALSE) -> 10000 | G47: =HLOOKUP(G$46,$D$13:$AC$21,$B47,FALSE) -> 0 | H47: =HLOOKUP(H$46,$D$13:$AC$21,$B47,FALSE) -> 5000 | I47: =HLOOKUP(I$46,$D$13:$AC$21,$B47,FALSE) -> 0 | J47: =HLOOKUP(J$46,$D$13:$AC$21,$B47,FALSE) -> 0 | K47: =HLOOKUP(K$46,$D$13:$AC$21,$B47,FALSE) -> 0 | ... AC47: =HLOOKUP(AC$46,$D$13:$AC$21,$B47,FALSE) -> 0
A48: Automatic wood heating, heat output ≤ 70 kW | B48: 3 | D48: =HLOOKUP(D$46,$D$13:$AC$21,$B48,FALSE) -> 19953 | E48: =HLOOKUP(E$46,$D$13:$AC$21,$B48,FALSE) -> 4550 | F48: =HLOOKUP(F$46,$D$13:$AC$21,$B48,FALSE) -> 8000 | G48: =HLOOKUP(G$46,$D$13:$AC$21,$B48,FALSE) -> 558197 | H48: =HLOOKUP(H$46,$D$13:$AC$21,$B48,FALSE) -> 149035 | I48: =HLOOKUP(I$46,$D$13:$AC$21,$B48,FALSE) -> 67260 | J48: =HLOOKUP(J$46,$D$13:$AC$21,$B48,FALSE) -> 88616 | K48: =HLOOKUP(K$46,$D$13:$AC$21,$B48,FALSE) -> 0 | ... AC48: =HLOOKUP(AC$46,$D$13:$AC$21,$B48,FALSE) -> 0
A49: Automatic wood heating, heat output > 70 kW | B49: 4 | D49: =HLOOKUP(D$46,$D$13:$AC$21,$B49,FALSE) -> 0 | E49: =HLOOKUP(E$46,$D$13:$AC$21,$B49,FALSE) -> 0 | F49: =HLOOKUP(F$46,$D$13:$AC$21,$B49,FALSE) -> 0 | G49: =HLOOKUP(G$46,$D$13:$AC$21,$B49,FALSE) -> 240260 | H49: =HLOOKUP(H$46,$D$13:$AC$21,$B49,FALSE) -> 55520 | I49: =HLOOKUP(I$46,$D$13:$AC$21,$B49,FALSE) -> 24100 | J49: =HLOOKUP(J$46,$D$13:$AC$21,$B49,FALSE) -> 147200 | K49: =HLOOKUP(K$46,$D$13:$AC$21,$B49,FALSE) -> 0 | ... AC49: =HLOOKUP(AC$46,$D$13:$AC$21,$B49,FALSE) -> 0
A50: HP air-water | B50: 5 | D50: =HLOOKUP(D$46,$D$13:$AC$21,$B50,FALSE) -> 791767 | E50: =HLOOKUP(E$46,$D$13:$AC$21,$B50,FALSE) -> 11465 | F50: =HLOOKUP(F$46,$D$13:$AC$21,$B50,FALSE) -> 69419 | G50: =HLOOKUP(G$46,$D$13:$AC$21,$B50,FALSE) -> 2342750 | H50: =HLOOKUP(H$46,$D$13:$AC$21,$B50,FALSE) -> 868524 | I50: =HLOOKUP(I$46,$D$13:$AC$21,$B50,FALSE) -> 313327 | J50: =HLOOKUP(J$46,$D$13:$AC$21,$B50,FALSE) -> 517882 | K50: =HLOOKUP(K$46,$D$13:$AC$21,$B50,FALSE) -> 87361 | ... AC50: =HLOOKUP(AC$46,$D$13:$AC$21,$B50,FALSE) -> 1104723
A51: HP electric (brine/water, water/water) | B51: 6 | D51: =HLOOKUP(D$46,$D$13:$AC$21,$B51,FALSE) -> 556889 | E51: =HLOOKUP(E$46,$D$13:$AC$21,$B51,FALSE) -> 9660 | F51: =HLOOKUP(F$46,$D$13:$AC$21,$B51,FALSE) -> 32988 | G51: =HLOOKUP(G$46,$D$13:$AC$21,$B51,FALSE) -> 1277020 | H51: =HLOOKUP(H$46,$D$13:$AC$21,$B51,FALSE) -> 281968 | I51: =HLOOKUP(I$46,$D$13:$AC$21,$B51,FALSE) -> 284865 | J51: =HLOOKUP(J$46,$D$13:$AC$21,$B51,FALSE) -> 684249 | K51: =HLOOKUP(K$46,$D$13:$AC$21,$B51,FALSE) -> 0 | ... AC51: =HLOOKUP(AC$46,$D$13:$AC$21,$B51,FALSE) -> 4668524
A52: DH | B52: 7 | D52: =HLOOKUP(D$46,$D$13:$AC$21,$B52,FALSE) -> 190417 | E52: =HLOOKUP(E$46,$D$13:$AC$21,$B52,FALSE) -> 0 | F52: =HLOOKUP(F$46,$D$13:$AC$21,$B52,FALSE) -> 25490 | G52: =HLOOKUP(G$46,$D$13:$AC$21,$B52,FALSE) -> 1909506 | H52: =HLOOKUP(H$46,$D$13:$AC$21,$B52,FALSE) -> 492265 | I52: =HLOOKUP(I$46,$D$13:$AC$21,$B52,FALSE) -> 1772830 | J52: =HLOOKUP(J$46,$D$13:$AC$21,$B52,FALSE) -> 818030 | K52: =HLOOKUP(K$46,$D$13:$AC$21,$B52,FALSE) -> 0 | ... AC52: =HLOOKUP(AC$46,$D$13:$AC$21,$B52,FALSE) -> 968085
A53: ST | B53: 8 | D53: =HLOOKUP(D$46,$D$13:$AC$21,$B53,FALSE) -> 0 | E53: =HLOOKUP(E$46,$D$13:$AC$21,$B53,FALSE) -> 5670 | F53: =HLOOKUP(F$46,$D$13:$AC$21,$B53,FALSE) -> 14959 | G53: =HLOOKUP(G$46,$D$13:$AC$21,$B53,FALSE) -> 151300 | H53: =HLOOKUP(H$46,$D$13:$AC$21,$B53,FALSE) -> 31724 | I53: =HLOOKUP(I$46,$D$13:$AC$21,$B53,FALSE) -> 14880 | J53: =HLOOKUP(J$46,$D$13:$AC$21,$B53,FALSE) -> 26865 | K53: =HLOOKUP(K$46,$D$13:$AC$21,$B53,FALSE) -> 117520 | ... AC53: =HLOOKUP(AC$46,$D$13:$AC$21,$B53,FALSE) -> 47581
A54: Ventilation and heat recovery | B54: 9 | D54: =HLOOKUP(D$46,$D$13:$AC$21,$B54,FALSE) -> 0 | E54: =HLOOKUP(E$46,$D$13:$AC$21,$B54,FALSE) -> 0 | F54: =HLOOKUP(F$46,$D$13:$AC$21,$B54,FALSE) -> 0 | G54: =HLOOKUP(G$46,$D$13:$AC$21,$B54,FALSE) -> 9000 | H54: =HLOOKUP(H$46,$D$13:$AC$21,$B54,FALSE) -> 0 | I54: =HLOOKUP(I$46,$D$13:$AC$21,$B54,FALSE) -> 52800 | J54: =HLOOKUP(J$46,$D$13:$AC$21,$B54,FALSE) -> 0 | K54: =HLOOKUP(K$46,$D$13:$AC$21,$B54,FALSE) -> 0 | ... AC54: =HLOOKUP(AC$46,$D$13:$AC$21,$B54,FALSE) -> 0
A56: Non Res
A57: Measure | B57: Index | D57: AG | E57: AI | F57: AR | G57: BE | H57: BL | I57: BS | J57: FR | K57: GE | L57: GL | M57: GR | N57: JU | O57: LU | P57: NE | Q57: NW | R57: OW | S57: SG | T57: SH | U57: SO | V57: SZ | W57: TG | X57: TI | Y57: UR | Z57: VD | AA57: VS | AB57: ZG | AC57: ZH
A58: Wood/pellet with daily tank | B58: 2 | D58: =HLOOKUP(D$57,$D$24:$AC$32,$B58,FALSE) -> 0 | E58: =HLOOKUP(E$57,$D$24:$AC$32,$B58,FALSE) -> 0 | F58: =HLOOKUP(F$57,$D$24:$AC$32,$B58,FALSE) -> 5500 | G58: =HLOOKUP(G$57,$D$24:$AC$32,$B58,FALSE) -> 0 | H58: =HLOOKUP(H$57,$D$24:$AC$32,$B58,FALSE) -> 0 | I58: =HLOOKUP(I$57,$D$24:$AC$32,$B58,FALSE) -> 0 | J58: =HLOOKUP(J$57,$D$24:$AC$32,$B58,FALSE) -> 0 | K58: =HLOOKUP(K$57,$D$24:$AC$32,$B58,FALSE) -> 0 | ... AC58: =HLOOKUP(AC$57,$D$24:$AC$32,$B58,FALSE) -> 0
A59: Automatic wood heating, heat output ≤ 70 kW | B59: 3 | D59: =HLOOKUP(D$57,$D$24:$AC$32,$B59,FALSE) -> 4473 | E59: =HLOOKUP(E$57,$D$24:$AC$32,$B59,FALSE) -> 0 | F59: =HLOOKUP(F$57,$D$24:$AC$32,$B59,FALSE) -> 0 | G59: =HLOOKUP(G$57,$D$24:$AC$32,$B59,FALSE) -> 34500 | H59: =HLOOKUP(H$57,$D$24:$AC$32,$B59,FALSE) -> 20150 | I59: =HLOOKUP(I$57,$D$24:$AC$32,$B59,FALSE) -> 0 | J59: =HLOOKUP(J$57,$D$24:$AC$32,$B59,FALSE) -> 4040 | K59: =HLOOKUP(K$57,$D$24:$AC$32,$B59,FALSE) -> 0 | ... AC59: =HLOOKUP(AC$57,$D$24:$AC$32,$B59,FALSE) -> 0
A60: Automatic wood heating, heat output > 70 kW | B60: 4 | D60: =HLOOKUP(D$57,$D$24:$AC$32,$B60,FALSE) -> 0 | E60: =HLOOKUP(E$57,$D$24:$AC$32,$B60,FALSE) -> 0 | F60: =HLOOKUP(F$57,$D$24:$AC$32,$B60,FALSE) -> 0 | G60: =HLOOKUP(G$57,$D$24:$AC$32,$B60,FALSE) -> 72680 | H60: =HLOOKUP(H$57,$D$24:$AC$32,$B60,FALSE) -> 0 | I60: =HLOOKUP(I$57,$D$24:$AC$32,$B60,FALSE) -> 0 | J60: =HLOOKUP(J$57,$D$24:$AC$32,$B60,FALSE) -> 0 | K60: =HLOOKUP(K$57,$D$24:$AC$32,$B60,FALSE) -> 0 | ... AC60: =HLOOKUP(AC$57,$D$24:$AC$32,$B60,FALSE) -> 0
A61: HP air-water | B61: 5 | D61: =HLOOKUP(D$57,$D$24:$AC$32,$B61,FALSE) -> 120023 | E61: =HLOOKUP(E$57,$D$24:$AC$32,$B61,FALSE) -> 2140 | F61: =HLOOKUP(F$57,$D$24:$AC$32,$B61,FALSE) -> 39302 | G61: =HLOOKUP(G$57,$D$24:$AC$32,$B61,FALSE) -> 146950 | H61: =HLOOKUP(H$57,$D$24:$AC$32,$B61,FALSE) -> 63035 | I61: =HLOOKUP(I$57,$D$24:$AC$32,$B61,FALSE) -> 9500 | J61: =HLOOKUP(J$57,$D$24:$AC$32,$B61,FALSE) -> 78245 | K61: =HLOOKUP(K$57,$D$24:$AC$32,$B61,FALSE) -> 62312 | ... AC61: =HLOOKUP(AC$57,$D$24:$AC$32,$B61,FALSE) -> 176549
A62: HP electric (brine/water, water/water) | B62: 6 | D62: =HLOOKUP(D$57,$D$24:$AC$32,$B62,FALSE) -> 61089 | E62: =HLOOKUP(E$57,$D$24:$AC$32,$B62,FALSE) -> 0 | F62: =HLOOKUP(F$57,$D$24:$AC$32,$B62,FALSE) -> 24284 | G62: =HLOOKUP(G$57,$D$24:$AC$32,$B62,FALSE) -> 20000 | H62: =HLOOKUP(H$57,$D$24:$AC$32,$B62,FALSE) -> 0 | I62: =HLOOKUP(I$57,$D$24:$AC$32,$B62,FALSE) -> 0 | J62: =HLOOKUP(J$57,$D$24:$AC$32,$B62,FALSE) -> 72030 | K62: =HLOOKUP(K$57,$D$24:$AC$32,$B62,FALSE) -> 76600 | ... AC62: =HLOOKUP(AC$57,$D$24:$AC$32,$B62,FALSE) -> 160879
A63: DH | B63: 7 | D63: =HLOOKUP(D$57,$D$24:$AC$32,$B63,FALSE) -> 81946 | E63: =HLOOKUP(E$57,$D$24:$AC$32,$B63,FALSE) -> 0 | F63: =HLOOKUP(F$57,$D$24:$AC$32,$B63,FALSE) -> 5200 | G63: =HLOOKUP(G$57,$D$24:$AC$32,$B63,FALSE) -> 408550 | H63: =HLOOKUP(H$57,$D$24:$AC$32,$B63,FALSE) -> 46540 | I63: =HLOOKUP(I$57,$D$24:$AC$32,$B63,FALSE) -> 64600 | J63: =HLOOKUP(J$57,$D$24:$AC$32,$B63,FALSE) -> 310812 | K63: =HLOOKUP(K$57,$D$24:$AC$32,$B63,FALSE) -> 0 | ... AC63: =HLOOKUP(AC$57,$D$24:$AC$32,$B63,FALSE) -> 206155
A64: ST | B64: 8 | D64: =HLOOKUP(D$57,$D$24:$AC$32,$B64,FALSE) -> 0 | E64: =HLOOKUP(E$57,$D$24:$AC$32,$B64,FALSE) -> 0 | F64: =HLOOKUP(F$57,$D$24:$AC$32,$B64,FALSE) -> 0 | G64: =HLOOKUP(G$57,$D$24:$AC$32,$B64,FALSE) -> 17900 | H64: =HLOOKUP(H$57,$D$24:$AC$32,$B64,FALSE) -> 6084 | I64: =HLOOKUP(I$57,$D$24:$AC$32,$B64,FALSE) -> 0 | J64: =HLOOKUP(J$57,$D$24:$AC$32,$B64,FALSE) -> 0 | K64: =HLOOKUP(K$57,$D$24:$AC$32,$B64,FALSE) -> 7375 | ... AC64: =HLOOKUP(AC$57,$D$24:$AC$32,$B64,FALSE) -> 0
A65: Ventilation and heat recovery | B65: 9 | D65: =HLOOKUP(D$57,$D$24:$AC$32,$B65,FALSE) -> 0 | E65: =HLOOKUP(E$57,$D$24:$AC$32,$B65,FALSE) -> 0 | F65: =HLOOKUP(F$57,$D$24:$AC$32,$B65,FALSE) -> 0 | G65: =HLOOKUP(G$57,$D$24:$AC$32,$B65,FALSE) -> 0 | H65: =HLOOKUP(H$57,$D$24:$AC$32,$B65,FALSE) -> 0 | I65: =HLOOKUP(I$57,$D$24:$AC$32,$B65,FALSE) -> 0 | J65: =HLOOKUP(J$57,$D$24:$AC$32,$B65,FALSE) -> 0 | K65: =HLOOKUP(K$57,$D$24:$AC$32,$B65,FALSE) -> 0 | ... AC65: =HLOOKUP(AC$57,$D$24:$AC$32,$B65,FALSE) -> 0
B67: 11 | C67: HP | D67: =SUM(D39:D40,D50:D51,D61:D62)/1000 -> 10497.934 | E67: =SUM(E39:E40,E50:E51,E61:E62)/1000 -> 131.193 | F67: =SUM(F39:F40,F50:F51,F61:F62)/1000 -> 1740.434 | G67: =SUM(G39:G40,G50:G51,G61:G62)/1000 -> 22262.885 | H67: =SUM(H39:H40,H50:H51,H61:H62)/1000 -> 11476.515 | I67: =SUM(I39:I40,I50:I51,I61:I62)/1000 -> 5462.689 | J67: =SUM(J39:J40,J50:J51,J61:J62)/1000 -> 9769.666 | K67: =SUM(K39:K40,K50:K51,K61:K62)/1000 -> 3535.729 | ... AC67: =SUM(AC39:AC40,AC50:AC51,AC61:AC62)/1000 -> 24005.798
B68: 12 | C68: Wood | D68: =SUM(D36:D37,D47:D48,D58:D59)/1000 -> 156.206 | E68: =SUM(E36:E37,E47:E48,E58:E59)/1000 -> 8.55 | F68: =SUM(F36:F37,F47:F48,F58:F59)/1000 -> 129.965 | G68: =SUM(G36:G37,G47:G48,G58:G59)/1000 -> 1925.583 | H68: =SUM(H36:H37,H47:H48,H58:H59)/1000 -> 404.09 | I68: =SUM(I36:I37,I47:I48,I58:I59)/1000 -> 137.29 | J68: =SUM(J36:J37,J47:J48,J58:J59)/1000 -> 287.7 | K68: =SUM(K36:K37,K47:K48,K58:K59)/1000 -> 0 | ... AC68: =SUM(AC36:AC37,AC47:AC48,AC58:AC59)/1000 -> 0
B69: 13 | C69: ST | D69: =SUM(D42,D53,D64)/1000 -> 42.858 | E69: =SUM(E42,E53,E64)/1000 -> 9.34 | F69: =SUM(F42,F53,F64)/1000 -> 48.544 | G69: =SUM(G42,G53,G64)/1000 -> 382.8 | H69: =SUM(H42,H53,H64)/1000 -> 107.469 | I69: =SUM(I42,I53,I64)/1000 -> 29.252 | J69: =SUM(J42,J53,J64)/1000 -> 85.384 | K69: =SUM(K42,K53,K64)/1000 -> 155.478 | ... AC69: =SUM(AC42,AC53,AC64)/1000 -> 78.581
B71: 15 | C71: HP - SFH | D71: =SUM(D39:D40)/1000 -> 8968.166 | E71: =SUM(E39:E40)/1000 -> 107.928 | F71: =SUM(F39:F40)/1000 -> 1574.441 | G71: =SUM(G39:G40)/1000 -> 18476.165 | H71: =SUM(H39:H40)/1000 -> 10262.988 | I71: =SUM(I39:I40)/1000 -> 4854.997 | J71: =SUM(J39:J40)/1000 -> 8417.26 | K71: =SUM(K39:K40)/1000 -> 3309.456 | ... AC71: =SUM(AC39:AC40)/1000 -> 17895.123
B72: 16 | C72: HP - MFH | D72: =SUM(D50:D51)/1000 -> 1348.656 | E72: =SUM(E50:E51)/1000 -> 21.125 | F72: =SUM(F50:F51)/1000 -> 102.407 | G72: =SUM(G50:G51)/1000 -> 3619.77 | H72: =SUM(H50:H51)/1000 -> 1150.492 | I72: =SUM(I50:I51)/1000 -> 598.192 | J72: =SUM(J50:J51)/1000 -> 1202.131 | K72: =SUM(K50:K51)/1000 -> 87.361 | ... AC72: =SUM(AC50:AC51)/1000 -> 5773.247
B73: 17 | C73: HP - NonRes | D73: =SUM(D61:D62)/1000 -> 181.112 | E73: =SUM(E61:E62)/1000 -> 2.14 | F73: =SUM(F61:F62)/1000 -> 63.586 | G73: =SUM(G61:G62)/1000 -> 166.95 | H73: =SUM(H61:H62)/1000 -> 63.035 | I73: =SUM(I61:I62)/1000 -> 9.5 | J73: =SUM(J61:J62)/1000 -> 150.275 | K73: =SUM(K61:K62)/1000 -> 138.912 | ... AC73: =SUM(AC61:AC62)/1000 -> 337.428
C75: TOT | D75: =SUM(D36:D43,D47:D54,D58:D65)/1000 -> 11143.207 | E75: =SUM(E36:E43,E47:E54,E58:E65)/1000 -> 149.083 | F75: =SUM(F36:F43,F47:F54,F58:F65)/1000 -> 2060.4305 | G75: =SUM(G36:G43,G47:G54,G58:G65)/1000 -> 28868.306 | H75: =SUM(H36:H43,H47:H54,H58:H65)/1000 -> 12744.089 | I75: =SUM(I36:I43,I47:I54,I58:I65)/1000 -> 7906.725 | J75: =SUM(J36:J43,J47:J54,J58:J65)/1000 -> 12185.701 | K75: =SUM(K36:K43,K47:K54,K58:K65)/1000 -> 3693.607 | ... AC75: =SUM(AC36:AC43,AC47:AC54,AC58:AC65)/1000 -> 26279.468
A77: Mesure | B77: Unité | C77: CH | D77: ZH | E77: BE | F77: LU | G77: UR | H77: SZ | I77: OW | J77: NW | K77: GL | L77: ZG | M77: FR | N77: SO | O77: BS | P77: BL | Q77: SH | R77: AR | S77: AI | T77: SG | U77: GR | V77: AG | W77: TG | X77: TI | Y77: VD | Z77: VS | AA77: NE | AB77: GE | AC77: JU
A78: Wood/pellet with daily tank (nuova installazione) | B78: CHF | C78: 0 | D78: 0 | E78: 0 | F78: 0 | G78: 0 | H78: 0 | I78: 0 | J78: 0 | K78: 0 | L78: 0 | M78: 0 | N78: 0 | O78: 0 | P78: 0 | Q78: 0 | R78: 0 | S78: 0 | T78: 0 | U78: 0 | V78: 0 | W78: 0 | X78: 0 | Y78: 0 | Z78: 0 | AA78: 0 | AB78: 0 | AC78: 0
A79: Wood/pellet with daily tank (sostituzione) | B79: CHF | C79: 0 | D79: 0 | E79: 0 | F79: 0 | G79: 0 | H79: 0 | I79: 0 | J79: 0 | K79: 0 | L79: 0 | M79: 0 | N79: 0 | O79: 0 | P79: 0 | Q79: 0 | R79: 0 | S79: 0 | T79: 0 | U79: 0 | V79: 0 | W79: 0 | X79: 0 | Y79: 0 | Z79: 0 | AA79: 0 | AB79: 0 | AC79: 0
A80: Automatic wood heating, heat output ≤ 70 kW (nuova installazione) | B80: CHF | C80: 0 | D80: 0 | E80: 0 | F80: 0 | G80: 0 | H80: 0 | I80: 0 | J80: 0 | K80: 0 | L80: 0 | M80: 0 | N80: 0 | O80: 0 | P80: 0 | Q80: 0 | R80: 0 | S80: 0 | T80: 0 | U80: 0 | V80: 0 | W80: 0 | X80: 0 | Y80: 0 | Z80: 0 | AA80: 0 | AB80: 0 | AC80: 0
A81: Automatic wood heating, heat output ≤ 70 kW (sostituzione) | B81: CHF | C81: 0 | D81: 0 | E81: 0 | F81: 0 | G81: 0 | H81: 0 | I81: 0 | J81: 0 | K81: 0 | L81: 0 | M81: 0 | N81: 0 | O81: 0 | P81: 0 | Q81: 0 | R81: 0 | S81: 0 | T81: 0 | U81: 0 | V81: 0 | W81: 0 | X81: 0 | Y81: 0 | Z81: 0 | AA81: 0 | AB81: 0 | AC81: 0
A82: Automatic wood heating, heat output > 70 kW (nuova installazione) | B82: CHF | C82: 0 | D82: 0 | E82: 0 | F82: 0 | G82: 0 | H82: 0 | I82: 0 | J82: 0 | K82: 0 | L82: 0 | M82: 0 | N82: 0 | O82: 0 | P82: 0 | Q82: 0 | R82: 0 | S82: 0 | T82: 0 | U82: 0 | V82: 0 | W82: 0 | X82: 0 | Y82: 0 | Z82: 0 | AA82: 0 | AB82: 0 | AC82: 0
A83: Automatic wood heating, heat output > 70 kW (sostituzione) | B83: CHF | C83: 0 | D83: 0 | E83: 0 | F83: 0 | G83: 0 | H83: 0 | I83: 0 | J83: 0 | K83: 0 | L83: 0 | M83: 0 | N83: 0 | O83: 0 | P83: 0 | Q83: 0 | R83: 0 | S83: 0 | T83: 0 | U83: 0 | V83: 0 | W83: 0 | X83: 0 | Y83: 0 | Z83: 0 | AA83: 0 | AB83: 0 | AC83: 0
A84: HP air-water | B84: CHF | C84: 0 | D84: 0 | E84: 0 | F84: 0 | G84: 0 | H84: 0 | I84: 0 | J84: 0 | K84: 0 | L84: 0 | M84: 0 | N84: 0 | O84: 0 | P84: 0 | Q84: 0 | R84: 0 | S84: 0 | T84: 0 | U84: 0 | V84: 0 | W84: 0 | X84: 0 | Y84: 0 | Z84: 0 | AA84: 0 | AB84: 0 | AC84: 0
A85: HP electric (brine/water, water/water) | B85: CHF | C85: 0 | D85: 0 | E85: 0 | F85: 0 | G85: 0 | H85: 0 | I85: 0 | J85: 0 | K85: 0 | L85: 0 | M85: 0 | N85: 0 | O85: 0 | P85: 0 | Q85: 0 | R85: 0 | S85: 0 | T85: 0 | U85: 0 | V85: 0 | W85: 0 | X85: 0 | Y85: 0 | Z85: 0 | AA85: 0 | AB85: 0 | AC85: 0
A86: ST | B86: CHF | C86: 0 | D86: 0 | E86: 0 | F86: 0 | G86: 0 | H86: 0 | I86: 0 | J86: 0 | K86: 0 | L86: 0 | M86: 0 | N86: 0 | O86: 0 | P86: 0 | Q86: 0 | R86: 0 | S86: 0 | T86: 0 | U86: 0 | V86: 0 | W86: 0 | X86: 0 | Y86: 0 | Z86: 0 | AA86: 0 | AB86: 0 | AC86: 0
A87: ST | B87: CHF | C87: 0 | D87: 0 | E87: 0 | F87: 0 | G87: 0 | H87: 0 | I87: 0 | J87: 0 | K87: 0 | L87: 0 | M87: 0 | N87: 0 | O87: 0 | P87: 0 | Q87: 0 | R87: 0 | S87: 0 | T87: 0 | U87: 0 | V87: 0 | W87: 0 | X87: 0 | Y87: 0 | Z87: 0 | AA87: 0 | AB87: 0 | AC87: 0
A88: ST | B88: CHF | C88: 0 | D88: 0 | E88: 0 | F88: 0 | G88: 0 | H88: 0 | I88: 0 | J88: 0 | K88: 0 | L88: 0 | M88: 0 | N88: 0 | O88: 0 | P88: 0 | Q88: 0 | R88: 0 | S88: 0 | T88: 0 | U88: 0 | V88: 0 | W88: 0 | X88: 0 | Y88: 0 | Z88: 0 | AA88: 0 | AB88: 0 | AC88: 0
A89: Ventilation and heat recovery | B89: CHF | C89: 0 | D89: 0 | E89: 0 | F89: 0 | G89: 0 | H89: 0 | I89: 0 | J89: 0 | K89: 0 | L89: 0 | M89: 0 | N89: 0 | O89: 0 | P89: 0 | Q89: 0 | R89: 0 | S89: 0 | T89: 0 | U89: 0 | V89: 0 | W89: 0 | X89: 0 | Y89: 0 | Z89: 0 | AA89: 0 | AB89: 0 | AC89: 0
A90: Special measure | B90: CHF | C90: 0 | D90: 0 | E90: 0 | F90: 0 | G90: 0 | H90: 0 | I90: 0 | J90: 0 | K90: 0 | L90: 0 | M90: 0 | N90: 0 | O90: 0 | P90: 0 | Q90: 0 | R90: 0 | S90: 0 | T90: 0 | U90: 0 | V90: 0 | W90: 0 | X90: 0 | Y90: 0 | Z90: 0 | AA90: 0 | AB90: 0 | AC90: 0
A93: Measure | B93: Index | D93: AG | E93: AI | F93: AR | G93: BE | H93: BL | I93: BS | J93: FR | K93: GE | L93: GL | M93: GR | N93: JU | O93: LU | P93: NE | Q93: NW | R93: OW | S93: SG | T93: SH | U93: SO | V93: SZ | W93: TG | X93: TI | Y93: UR | Z93: VD | AA93: VS | AB93: ZG | AC93: ZH
A94: Wood/pellet with daily tank (nuova installazione) | B94: 2 | D94: =HLOOKUP(D$93,$D$77:$AC$90,$B94,FALSE) -> 0 | E94: =HLOOKUP(E$93,$D$77:$AC$90,$B94,FALSE) -> 0 | F94: =HLOOKUP(F$93,$D$77:$AC$90,$B94,FALSE) -> 0 | G94: =HLOOKUP(G$93,$D$77:$AC$90,$B94,FALSE) -> 0 | H94: =HLOOKUP(H$93,$D$77:$AC$90,$B94,FALSE) -> 0 | I94: =HLOOKUP(I$93,$D$77:$AC$90,$B94,FALSE) -> 0 | J94: =HLOOKUP(J$93,$D$77:$AC$90,$B94,FALSE) -> 0 | K94: =HLOOKUP(K$93,$D$77:$AC$90,$B94,FALSE) -> 0 | ... AC94: =HLOOKUP(AC$93,$D$77:$AC$90,$B94,FALSE) -> 0
A95: Wood/pellet with daily tank (sostituzione) | B95: 3 | D95: =HLOOKUP(D$93,$D$77:$AC$90,$B95,FALSE) -> 0 | E95: =HLOOKUP(E$93,$D$77:$AC$90,$B95,FALSE) -> 0 | F95: =HLOOKUP(F$93,$D$77:$AC$90,$B95,FALSE) -> 0 | G95: =HLOOKUP(G$93,$D$77:$AC$90,$B95,FALSE) -> 0 | H95: =HLOOKUP(H$93,$D$77:$AC$90,$B95,FALSE) -> 0 | I95: =HLOOKUP(I$93,$D$77:$AC$90,$B95,FALSE) -> 0 | J95: =HLOOKUP(J$93,$D$77:$AC$90,$B95,FALSE) -> 0 | K95: =HLOOKUP(K$93,$D$77:$AC$90,$B95,FALSE) -> 0 | ... AC95: =HLOOKUP(AC$93,$D$77:$AC$90,$B95,FALSE) -> 0
A96: Automatic wood heating, heat output ≤ 70 kW (nuova installazione) | B96: 4 | D96: =HLOOKUP(D$93,$D$77:$AC$90,$B96,FALSE) -> 0 | E96: =HLOOKUP(E$93,$D$77:$AC$90,$B96,FALSE) -> 0 | F96: =HLOOKUP(F$93,$D$77:$AC$90,$B96,FALSE) -> 0 | G96: =HLOOKUP(G$93,$D$77:$AC$90,$B96,FALSE) -> 0 | H96: =HLOOKUP(H$93,$D$77:$AC$90,$B96,FALSE) -> 0 | I96: =HLOOKUP(I$93,$D$77:$AC$90,$B96,FALSE) -> 0 | J96: =HLOOKUP(J$93,$D$77:$AC$90,$B96,FALSE) -> 0 | K96: =HLOOKUP(K$93,$D$77:$AC$90,$B96,FALSE) -> 0 | ... AC96: =HLOOKUP(AC$93,$D$77:$AC$90,$B96,FALSE) -> 0
A97: Automatic wood heating, heat output ≤ 70 kW (sostituzione) | B97: 5 | D97: =HLOOKUP(D$93,$D$77:$AC$90,$B97,FALSE) -> 0 | E97: =HLOOKUP(E$93,$D$77:$AC$90,$B97,FALSE) -> 0 | F97: =HLOOKUP(F$93,$D$77:$AC$90,$B97,FALSE) -> 0 | G97: =HLOOKUP(G$93,$D$77:$AC$90,$B97,FALSE) -> 0 | H97: =HLOOKUP(H$93,$D$77:$AC$90,$B97,FALSE) -> 0 | I97: =HLOOKUP(I$93,$D$77:$AC$90,$B97,FALSE) -> 0 | J97: =HLOOKUP(J$93,$D$77:$AC$90,$B97,FALSE) -> 0 | K97: =HLOOKUP(K$93,$D$77:$AC$90,$B97,FALSE) -> 0 | ... AC97: =HLOOKUP(AC$93,$D$77:$AC$90,$B97,FALSE) -> 0
A98: Automatic wood heating, heat output > 70 kW (nuova installazione) | B98: 6 | D98: =HLOOKUP(D$93,$D$77:$AC$90,$B98,FALSE) -> 0 | E98: =HLOOKUP(E$93,$D$77:$AC$90,$B98,FALSE) -> 0 | F98: =HLOOKUP(F$93,$D$77:$AC$90,$B98,FALSE) -> 0 | G98: =HLOOKUP(G$93,$D$77:$AC$90,$B98,FALSE) -> 0 | H98: =HLOOKUP(H$93,$D$77:$AC$90,$B98,FALSE) -> 0 | I98: =HLOOKUP(I$93,$D$77:$AC$90,$B98,FALSE) -> 0 | J98: =HLOOKUP(J$93,$D$77:$AC$90,$B98,FALSE) -> 0 | K98: =HLOOKUP(K$93,$D$77:$AC$90,$B98,FALSE) -> 0 | ... AC98: =HLOOKUP(AC$93,$D$77:$AC$90,$B98,FALSE) -> 0
A99: Automatic wood heating, heat output > 70 kW (sostituzione) | B99: 7 | D99: =HLOOKUP(D$93,$D$77:$AC$90,$B99,FALSE) -> 0 | E99: =HLOOKUP(E$93,$D$77:$AC$90,$B99,FALSE) -> 0 | F99: =HLOOKUP(F$93,$D$77:$AC$90,$B99,FALSE) -> 0 | G99: =HLOOKUP(G$93,$D$77:$AC$90,$B99,FALSE) -> 0 | H99: =HLOOKUP(H$93,$D$77:$AC$90,$B99,FALSE) -> 0 | I99: =HLOOKUP(I$93,$D$77:$AC$90,$B99,FALSE) -> 0 | J99: =HLOOKUP(J$93,$D$77:$AC$90,$B99,FALSE) -> 0 | K99: =HLOOKUP(K$93,$D$77:$AC$90,$B99,FALSE) -> 0 | ... AC99: =HLOOKUP(AC$93,$D$77:$AC$90,$B99,FALSE) -> 0
A100: HP air-water | B100: 8 | D100: =HLOOKUP(D$93,$D$77:$AC$90,$B100,FALSE) -> 0 | E100: =HLOOKUP(E$93,$D$77:$AC$90,$B100,FALSE) -> 0 | F100: =HLOOKUP(F$93,$D$77:$AC$90,$B100,FALSE) -> 0 | G100: =HLOOKUP(G$93,$D$77:$AC$90,$B100,FALSE) -> 0 | H100: =HLOOKUP(H$93,$D$77:$AC$90,$B100,FALSE) -> 0 | I100: =HLOOKUP(I$93,$D$77:$AC$90,$B100,FALSE) -> 0 | J100: =HLOOKUP(J$93,$D$77:$AC$90,$B100,FALSE) -> 0 | K100: =HLOOKUP(K$93,$D$77:$AC$90,$B100,FALSE) -> 0 | ... AC100: =HLOOKUP(AC$93,$D$77:$AC$90,$B100,FALSE) -> 0
A101: HP electric (brine/water, water/water) | B101: 9 | D101: =HLOOKUP(D$93,$D$77:$AC$90,$B101,FALSE) -> 0 | E101: =HLOOKUP(E$93,$D$77:$AC$90,$B101,FALSE) -> 0 | F101: =HLOOKUP(F$93,$D$77:$AC$90,$B101,FALSE) -> 0 | G101: =HLOOKUP(G$93,$D$77:$AC$90,$B101,FALSE) -> 0 | H101: =HLOOKUP(H$93,$D$77:$AC$90,$B101,FALSE) -> 0 | I101: =HLOOKUP(I$93,$D$77:$AC$90,$B101,FALSE) -> 0 | J101: =HLOOKUP(J$93,$D$77:$AC$90,$B101,FALSE) -> 0 | K101: =HLOOKUP(K$93,$D$77:$AC$90,$B101,FALSE) -> 0 | ... AC101: =HLOOKUP(AC$93,$D$77:$AC$90,$B101,FALSE) -> 0
A102: ST | B102: 10 | D102: =HLOOKUP(D$93,$D$77:$AC$90,$B102,FALSE) -> 0 | E102: =HLOOKUP(E$93,$D$77:$AC$90,$B102,FALSE) -> 0 | F102: =HLOOKUP(F$93,$D$77:$AC$90,$B102,FALSE) -> 0 | G102: =HLOOKUP(G$93,$D$77:$AC$90,$B102,FALSE) -> 0 | H102: =HLOOKUP(H$93,$D$77:$AC$90,$B102,FALSE) -> 0 | I102: =HLOOKUP(I$93,$D$77:$AC$90,$B102,FALSE) -> 0 | J102: =HLOOKUP(J$93,$D$77:$AC$90,$B102,FALSE) -> 0 | K102: =HLOOKUP(K$93,$D$77:$AC$90,$B102,FALSE) -> 0 | ... AC102: =HLOOKUP(AC$93,$D$77:$AC$90,$B102,FALSE) -> 0
A103: ST | B103: 11 | D103: =HLOOKUP(D$93,$D$77:$AC$90,$B103,FALSE) -> 0 | E103: =HLOOKUP(E$93,$D$77:$AC$90,$B103,FALSE) -> 0 | F103: =HLOOKUP(F$93,$D$77:$AC$90,$B103,FALSE) -> 0 | G103: =HLOOKUP(G$93,$D$77:$AC$90,$B103,FALSE) -> 0 | H103: =HLOOKUP(H$93,$D$77:$AC$90,$B103,FALSE) -> 0 | I103: =HLOOKUP(I$93,$D$77:$AC$90,$B103,FALSE) -> 0 | J103: =HLOOKUP(J$93,$D$77:$AC$90,$B103,FALSE) -> 0 | K103: =HLOOKUP(K$93,$D$77:$AC$90,$B103,FALSE) -> 0 | ... AC103: =HLOOKUP(AC$93,$D$77:$AC$90,$B103,FALSE) -> 0
A104: ST | B104: 12 | D104: =HLOOKUP(D$93,$D$77:$AC$90,$B104,FALSE) -> 0 | E104: =HLOOKUP(E$93,$D$77:$AC$90,$B104,FALSE) -> 0 | F104: =HLOOKUP(F$93,$D$77:$AC$90,$B104,FALSE) -> 0 | G104: =HLOOKUP(G$93,$D$77:$AC$90,$B104,FALSE) -> 0 | H104: =HLOOKUP(H$93,$D$77:$AC$90,$B104,FALSE) -> 0 | I104: =HLOOKUP(I$93,$D$77:$AC$90,$B104,FALSE) -> 0 | J104: =HLOOKUP(J$93,$D$77:$AC$90,$B104,FALSE) -> 0 | K104: =HLOOKUP(K$93,$D$77:$AC$90,$B104,FALSE) -> 0 | ... AC104: =HLOOKUP(AC$93,$D$77:$AC$90,$B104,FALSE) -> 0
A105: Ventilation and heat recovery | B105: 13 | D105: =HLOOKUP(D$93,$D$77:$AC$90,$B105,FALSE) -> 0 | E105: =HLOOKUP(E$93,$D$77:$AC$90,$B105,FALSE) -> 0 | F105: =HLOOKUP(F$93,$D$77:$AC$90,$B105,FALSE) -> 0 | G105: =HLOOKUP(G$93,$D$77:$AC$90,$B105,FALSE) -> 0 | H105: =HLOOKUP(H$93,$D$77:$AC$90,$B105,FALSE) -> 0 | I105: =HLOOKUP(I$93,$D$77:$AC$90,$B105,FALSE) -> 0 | J105: =HLOOKUP(J$93,$D$77:$AC$90,$B105,FALSE) -> 0 | K105: =HLOOKUP(K$93,$D$77:$AC$90,$B105,FALSE) -> 0 | ... AC105: =HLOOKUP(AC$93,$D$77:$AC$90,$B105,FALSE) -> 0
A106: Special measure | B106: 14 | D106: =HLOOKUP(D$93,$D$77:$AC$90,$B106,FALSE) -> 0 | E106: =HLOOKUP(E$93,$D$77:$AC$90,$B106,FALSE) -> 0 | F106: =HLOOKUP(F$93,$D$77:$AC$90,$B106,FALSE) -> 0 | G106: =HLOOKUP(G$93,$D$77:$AC$90,$B106,FALSE) -> 0 | H106: =HLOOKUP(H$93,$D$77:$AC$90,$B106,FALSE) -> 0 | I106: =HLOOKUP(I$93,$D$77:$AC$90,$B106,FALSE) -> 0 | J106: =HLOOKUP(J$93,$D$77:$AC$90,$B106,FALSE) -> 0 | K106: =HLOOKUP(K$93,$D$77:$AC$90,$B106,FALSE) -> 0 | ... AC106: =HLOOKUP(AC$93,$D$77:$AC$90,$B106,FALSE) -> 0
B108: 16 | C108: HP | D108: =SUM(D100:D101)/1000 -> 0 | E108: =SUM(E100:E101)/1000 -> 0 | F108: =SUM(F100:F101)/1000 -> 0 | G108: =SUM(G100:G101)/1000 -> 0 | H108: =SUM(H100:H101)/1000 -> 0 | I108: =SUM(I100:I101)/1000 -> 0 | J108: =SUM(J100:J101)/1000 -> 0 | K108: =SUM(K100:K101)/1000 -> 0 | ... AC108: =SUM(AC100:AC101)/1000 -> 0
B109: 17 | C109: Wood | D109: =SUM(D94:D97)/1000 -> 0 | E109: =SUM(E94:E97)/1000 -> 0 | F109: =SUM(F94:F97)/1000 -> 0 | G109: =SUM(G94:G97)/1000 -> 0 | H109: =SUM(H94:H97)/1000 -> 0 | I109: =SUM(I94:I97)/1000 -> 0 | J109: =SUM(J94:J97)/1000 -> 0 | K109: =SUM(K94:K97)/1000 -> 0 | ... AC109: =SUM(AC94:AC97)/1000 -> 0
B110: 18 | C110: ST | D110: =SUM(D102:D104)/1000 -> 0 | E110: =SUM(E102:E104)/1000 -> 0 | F110: =SUM(F102:F104)/1000 -> 0 | G110: =SUM(G102:G104)/1000 -> 0 | H110: =SUM(H102:H104)/1000 -> 0 | I110: =SUM(I102:I104)/1000 -> 0 | J110: =SUM(J102:J104)/1000 -> 0 | K110: =SUM(K102:K104)/1000 -> 0 | ... AC110: =SUM(AC102:AC104)/1000 -> 0
C112: TOT | D112: =SUM(D94:D106)/1000 -> 0 | E112: =SUM(E94:E106)/1000 -> 0 | F112: =SUM(F94:F106)/1000 -> 0 | G112: =SUM(G94:G106)/1000 -> 0 | H112: =SUM(H94:H106)/1000 -> 0 | I112: =SUM(I94:I106)/1000 -> 0 | J112: =SUM(J94:J106)/1000 -> 0 | K112: =SUM(K94:K106)/1000 -> 0 | ... AC112: =SUM(AC94:AC106)/1000 -> 0

Sheet 2022
A1: SFH
A2: Measure | B2: Unit | C2: CH | D2: ZH | E2: BE | F2: LU | G2: UR | H2: SZ | I2: OW | J2: NW | K2: GL | L2: ZG | M2: FR | N2: SO | O2: BS | P2: BL | Q2: SH | R2: AR | S2: AI | T2: SG | U2: GR | V2: AG | W2: TG | X2: TI | Y2: VD | Z2: VS | AA2: NE | AB2: GE | AC2: JU
A3: Wood/pelle with daily tank | B3: - | C3: 113 | D3: 0 | E3: 0 | F3: 0 | G3: 0 | H3: 7 | I3: 2 | J3: 0 | K3: 8 | L3: 0 | M3: 17 | N3: 4 | O3: 0 | P3: 8 | Q3: 1 | R3: 3 | S3: 6 | T3: 2 | U3: 14 | V3: 6 | W3: 6 | X3: 17 | Y3: 6 | Z3: 0 | AA3: 0 | AB3: 0 | AC3: 6
A4: Automatic wood heating, heat output ≤ 70 kW | B4: - | C4: 525 | D4: 0 | E4: 160 | F4: 14 | G4: 4 | H4: 4 | I4: 0 | J4: 0 | K4: 5 | L4: 1 | M4: 43 | N4: 20 | O4: 2 | P4: 24 | Q4: 6 | R4: 5 | S4: 2 | T4: 0 | U4: 11 | V4: 14 | W4: 18 | X4: 15 | Y4: 109 | Z4: 8 | AA4: 37 | AB4: 0 | AC4: 23
A5: Automatic wood heating, heat output > 70 kW | B5: - | C5: 0 | D5: 0 | E5: 0 | F5: 0 | G5: 0 | H5: 0 | I5: 0 | J5: 0 | K5: 0 | L5: 0 | M5: 0 | N5: 0 | O5: 0 | P5: 0 | Q5: 0 | R5: 0 | S5: 0 | T5: 0 | U5: 0 | V5: 0 | W5: 0 | X5: 0 | Y5: 0 | Z5: 0 | AA5: 0 | AB5: 0 | AC5: 0
A6: HP air-water | B6: - | C6: 9968 | D6: 1086 | E6: 1716 | F6: 303 | G6: 8 | H6: 118 | I6: 6 | J6: 26 | K6: 101 | L6: 15 | M6: 644 | N6: 591 | O6: 77 | P6: 781 | Q6: 179 | R6: 55 | S6: 17 | T6: 662 | U6: 207 | V6: 943 | W6: 510 | X6: 522 | Y6: 436 | Z6: 432 | AA6: 197 | AB6: 231 | AC6: 105
A7: HP electric (brine/water, water/water) | B7: - | C7: 2805 | D7: 846 | E7: 288 | F7: 216 | G7: 6 | H7: 24 | I7: 3 | J7: 1 | K7: 2 | L7: 3 | M7: 221 | N7: 72 | O7: 43 | P7: 57 | Q7: 24 | R7: 32 | S7: 14 | T7: 291 | U7: 87 | V7: 159 | W7: 238 | X7: 8 | Y7: 126 | Z7: 20 | AA7: 11 | AB7: 8 | AC7: 5
A8: DH | B8: - | C8: 658 | D8: 22 | E8: 248 | F8: 7 | G8: 8 | H8: 67 | I8: 16 | J8: 1 | K8: 2 | L8: 0 | M8: 46 | N8: 17 | O8: 48 | P8: 31 | Q8: 44 | R8: 7 | S8: 2 | T8: 4 | U8: 11 | V8: 13 | W8: 19 | X8: 14 | Y8: 12 | Z8: 12 | AA8: 4 | AB8: 0 | AC8: 3
A9: ST | B9: - | C9: 349 | D9: 1 | E9: 49 | F9: 9 | G9: 2 | H9: 2 | I9: 0 | J9: 1 | K9: 3 | L9: 0 | M9: 18 | N9: 10 | O9: 2 | P9: 11 | Q9: 0 | R9: 8 | S9: 1 | T9: 10 | U9: 21 | V9: 6 | W9: 12 | X9: 23 | Y9: 119 | Z9: 9 | AA9: 7 | AB9: 18 | AC9: 7
A10: Ventilation and heat recovery | B10: - | C10: 17 | D10: 0 | E10: 2 | F10: 0 | G10: 0 | H10: 0 | I10: 0 | J10: 0 | K10: 0 | L10: 0 | M10: 0 | N10: 0 | O10: 3 | P10: 0 | Q10: 2 | R10: 0 | S10: 0 | T10: 0 | U10: 2 | V10: 0 | W10: 4 | X10: 0 | Y10: 4 | Z10: 0 | AA10: 0 | AB10: 0 | AC10: 0
A12: MFH
A13: Measure | B13: Unit | C13: CH | D13: ZH | E13: BE | F13: LU | G13: UR | H13: SZ | I13: OW | J13: NW | K13: GL | L13: ZG | M13: FR | N13: SO | O13: BS | P13: BL | Q13: SH | R13: AR | S13: AI | T13: SG | U13: GR | V13: AG | W13: TG | X13: TI | Y13: VD | Z13: VS | AA13: NE | AB13: GE | AC13: JU
A14: Wood/pelle with daily tank | B14: - | C14: 13 | D14: 0 | E14: 0 | F14: 1 | G14: 0 | H14: 1 | I14: 0 | J14: 0 | K14: 0 | L14: 0 | M14: 1 | N14: 1 | O14: 0 | P14: 0 | Q14: 0 | R14: 0 | S14: 0 | T14: 0 | U14: 1 | V14: 3 | W14: 1 | X14: 3 | Y14: 1 | Z14: 0 | AA14: 0 | AB14: 0 | AC14: 0
A15: Automatic wood heating, heat output ≤ 70 kW | B15: - | C15: 247 | D15: 0 | E15: 71 | F15: 15 | G15: 1 | H15: 3 | I15: 0 | J15: 1 | K15: 1 | L15: 0 | M15: 8 | N15: 10 | O15: 3 | P15: 12 | Q15: 4 | R15: 2 | S15: 0 | T15: 0 | U15: 36 | V15: 1 | W15: 9 | X15: 1 | Y15: 35 | Z15: 10 | AA15: 17 | AB15: 0 | AC15: 7
A16: Automatic wood heating, heat output > 70 kW | B16: - | C16: 18 | D16: 0 | E16: 5 | F16: 2 | G16: 0 | H16: 0 | I16: 0 | J16: 0 | K16: 0 | L16: 0 | M16: 2 | N16: 0 | O16: 2 | P16: 1 | Q16: 0 | R16: 0 | S16: 1 | T16: 0 | U16: 2 | V16: 0 | W16: 1 | X16: 0 | Y16: 1 | Z16: 1 | AA16: 0 | AB16: 0 | AC16: 0
A17: HP air-water | B17: - | C17: 1048 | D17: 148 | E17: 209 | F17: 77 | G17: 3 | H17: 45 | I17: 0 | J17: 18 | K17: 9 | L17: 6 | M17: 51 | N17: 53 | O17: 16 | P17: 56 | Q17: 6 | R17: 5 | S17: 0 | T17: 15 | U17: 55 | V17: 66 | W17: 39 | X17: 59 | Y17: 48 | Z17: 41 | AA17: 13 | AB17: 3 | AC17: 7
A18: HP electric (brine/water, water/water) | B18: - | C18: 715 | D18: 235 | E18: 64 | F18: 113 | G18: 2 | H18: 11 | I18: 9 | J18: 5 | K18: 3 | L18: 2 | M18: 29 | N18: 11 | O18: 5 | P18: 16 | Q18: 10 | R18: 1 | S18: 4 | T18: 40 | U18: 52 | V18: 42 | W18: 30 | X18: 3 | Y18: 16 | Z18: 11 | AA18: 1 | AB18: 0 | AC18: 0
A19: DH | B19: - | C19: 568 | D19: 25 | E19: 127 | F19: 26 | G19: 14 | H19: 34 | I19: 9 | J19: 8 | K19: 2 | L19: 3 | M19: 60 | N19: 10 | O19: 67 | P19: 30 | Q19: 19 | R19: 8 | S19: 3 | T19: 2 | U19: 22 | V19: 15 | W19: 19 | X19: 9 | Y19: 20 | Z19: 33 | AA19: 2 | AB19: 0 | AC19: 1
A20: ST | B20: - | C20: 156 | D20: 1 | E20: 18 | F20: 14 | G20: 0 | H20: 2 | I20: 0 | J20: 1 | K20: 0 | L20: 0 | M20: 5 | N20: 3 | O20: 9 | P20: 8 | Q20: 0 | R20: 1 | S20: 2 | T20: 3 | U20: 12 | V20: 4 | W20: 0 | X20: 0 | Y20: 31 | Z20: 3 | AA20: 13 | AB20: 24 | AC20: 2
A21: Ventilation and heat recovery | B21: - | C21: 4 | D21: 0 | E21: 1 | F21: 0 | G21: 0 | H21: 0 | I21: 0 | J21: 0 | K21: 0 | L21: 0 | M21: 0 | N21: 0 | O21: 2 | P21: 0 | Q21: 0 | R21: 0 | S21: 0 | T21: 0 | U21: 1 | V21: 0 | W21: 0 | X21: 0 | Y21: 0 | Z21: 0 | AA21: 0 | AB21: 0 | AC21: 0
A23: Non Res
A24: Measure | B24: Unit | C24: CH | D24: ZH | E24: BE | F24: LU | G24: UR | H24: SZ | I24: OW | J24: NW | K24: GL | L24: ZG | M24: FR | N24: SO | O24: BS | P24: BL | Q24: SH | R24: AR | S24: AI | T24: SG | U24: GR | V24: AG | W24: TG | X24: TI | Y24: VD | Z24: VS | AA24: NE | AB24: GE | AC24: JU
A25: Wood/pelle with daily tank | B25: - | C25: 4 | D25: 0 | E25: 0 | F25: 0 | G25: 0 | H25: 0 | I25: 1 | J25: 0 | K25: 0 | L25: 0 | M25: 1 | N25: 0 | O25: 0 | P25: 0 | Q25: 0 | R25: 0 | S25: 0 | T25: 0 | U25: 1 | V25: 1 | W25: 0 | X25: 0 | Y25: 0 | Z25: 0 | AA25: 0 | AB25: 0 | AC25: 0
A26: Automatic wood heating, heat output ≤ 70 kW | B26: - | C26: 26 | D26: 0 | E26: 8 | F26: 1 | G26: 1 | H26: 0 | I26: 0 | J26: 0 | K26: 0 | L26: 0 | M26: 2 | N26: 0 | O26: 0 | P26: 2 | Q26: 0 | R26: 1 | S26: 0 | T26: 0 | U26: 4 | V26: 0 | W26: 0 | X26: 1 | Y26: 3 | Z26: 1 | AA26: 1 | AB26: 0 | AC26: 1
A27: Automatic wood heating, heat output > 70 kW | B27: - | C27: 15 | D27: 0 | E27: 4 | F27: 0 | G27: 0 | H27: 0 | I27: 0 | J27: 0 | K27: 0 | L27: 0 | M27: 0 | N27: 0 | O27: 0 | P27: 4 | Q27: 1 | R27: 0 | S27: 0 | T27: 1 | U27: 0 | V27: 0 | W27: 2 | X27: 0 | Y27: 1 | Z27: 1 | AA27: 0 | AB27: 0 | AC27: 1
A28: HP air-water | B28: - | C28: 105 | D28: 13 | E28: 18 | F28: 1 | G28: 0 | H28: 1 | I28: 0 | J28: 0 | K28: 2 | L28: 0 | M28: 2 | N28: 5 | O28: 0 | P28: 6 | Q28: 3 | R28: 0 | S28: 0 | T28: 5 | U28: 3 | V28: 9 | W28: 14 | X28: 7 | Y28: 5 | Z28: 5 | AA28: 2 | AB28: 2 | AC28: 2
A29: HP electric (brine/water, water/water) | B29: - | C29: 56 | D29: 7 | E29: 5 | F29: 2 | G29: 0 | H29: 0 | I29: 0 | J29: 0 | K29: 1 | L29: 0 | M29: 2 | N29: 3 | O29: 0 | P29: 5 | Q29: 2 | R29: 0 | S29: 1 | T29: 3 | U29: 9 | V29: 1 | W29: 7 | X29: 0 | Y29: 5 | Z29: 3 | AA29: 0 | AB29: 0 | AC29: 0
A30: DH | B30: - | C30: 119 | D30: 7 | E30: 34 | F30: 2 | G30: 4 | H30: 4 | I30: 1 | J30: 2 | K30: 3 | L30: 1 | M30: 20 | N30: 3 | O30: 3 | P30: 6 | Q30: 7 | R30: 0 | S30: 1 | T30: 0 | U30: 0 | V30: 1 | W30: 4 | X30: 8 | Y30: 0 | Z30: 4 | AA30: 0 | AB30: 2 | AC30: 2
A31: ST | B31: - | C31: 12 | D31: 0 | E31: 3 | F31: 1 | G31: 0 | H31: 0 | I31: 0 | J31: 0 | K31: 0 | L31: 0 | M31: 1 | N31: 1 | O31: 0 | P31: 0 | Q31: 0 | R31: 1 | S31: 0 | T31: 1 | U31: 0 | V31: 0 | W31: 0 | X31: 0 | Y31: 2 | Z31: 1 | AA31: 0 | AB31: 0 | AC31: 1
A32: Ventilation and heat recovery | B32: - | C32: 0 | D32: 0 | E32: 0 | F32: 0 | G32: 0 | H32: 0 | I32: 0 | J32: 0 | K32: 0 | L32: 0 | M32: 0 | N32: 0 | O32: 0 | P32: 0 | Q32: 0 | R32: 0 | S32: 0 | T32: 0 | U32: 0 | V32: 0 | W32: 0 | X32: 0 | Y32: 0 | Z32: 0 | AA32: 0 | AB32: 0 | AC32: 0
A34: SFH
A35: Measure | B35: Index | D35: AG | E35: AI | F35: AR | G35: BE | H35: BL | I35: BS | J35: FR | K35: GE | L35: GL | M35: GR | N35: JU | O35: LU | P35: NE | Q35: NW | R35: OW | S35: SG | T35: SH | U35: SO | V35: SZ | W35: TG | X35: TI | Y35: UR | Z35: VD | AA35: VS | AB35: ZG | AC35: ZH
A36: Wood/pelle with daily tank | B36: 2 | D36: =HLOOKUP(D$35,$D$2:$AC$10,$B36,FALSE) -> 6 | E36: =HLOOKUP(E$35,$D$2:$AC$10,$B36,FALSE) -> 6 | F36: =HLOOKUP(F$35,$D$2:$AC$10,$B36,FALSE) -> 3 | G36: =HLOOKUP(G$35,$D$2:$AC$10,$B36,FALSE) -> 0 | H36: =HLOOKUP(H$35,$D$2:$AC$10,$B36,FALSE) -> 8 | I36: =HLOOKUP(I$35,$D$2:$AC$10,$B36,FALSE) -> 0 | J36: =HLOOKUP(J$35,$D$2:$AC$10,$B36,FALSE) -> 17 | K36: =HLOOKUP(K$35,$D$2:$AC$10,$B36,FALSE) -> 0 | ... AC36: =HLOOKUP(AC$35,$D$2:$AC$10,$B36,FALSE) -> 0
A37: Automatic wood heating, heat output ≤ 70 kW | B37: 3 | D37: =HLOOKUP(D$35,$D$2:$AC$10,$B37,FALSE) -> 14 | E37: =HLOOKUP(E$35,$D$2:$AC$10,$B37,FALSE) -> 2 | F37: =HLOOKUP(F$35,$D$2:$AC$10,$B37,FALSE) -> 5 | G37: =HLOOKUP(G$35,$D$2:$AC$10,$B37,FALSE) -> 160 | H37: =HLOOKUP(H$35,$D$2:$AC$10,$B37,FALSE) -> 24 | I37: =HLOOKUP(I$35,$D$2:$AC$10,$B37,FALSE) -> 2 | J37: =HLOOKUP(J$35,$D$2:$AC$10,$B37,FALSE) -> 43 | K37: =HLOOKUP(K$35,$D$2:$AC$10,$B37,FALSE) -> 0 | ... AC37: =HLOOKUP(AC$35,$D$2:$AC$10,$B37,FALSE) -> 0
A38: Automatic wood heating, heat output > 70 kW | B38: 4 | D38: =HLOOKUP(D$35,$D$2:$AC$10,$B38,FALSE) -> 0 | E38: =HLOOKUP(E$35,$D$2:$AC$10,$B38,FALSE) -> 0 | F38: =HLOOKUP(F$35,$D$2:$AC$10,$B38,FALSE) -> 0 | G38: =HLOOKUP(G$35,$D$2:$AC$10,$B38,FALSE) -> 0 | H38: =HLOOKUP(H$35,$D$2:$AC$10,$B38,FALSE) -> 0 | I38: =HLOOKUP(I$35,$D$2:$AC$10,$B38,FALSE) -> 0 | J38: =HLOOKUP(J$35,$D$2:$AC$10,$B38,FALSE) -> 0 | K38: =HLOOKUP(K$35,$D$2:$AC$10,$B38,FALSE) -> 0 | ... AC38: =HLOOKUP(AC$35,$D$2:$AC$10,$B38,FALSE) -> 0
A39: HP air-water | B39: 5 | D39: =HLOOKUP(D$35,$D$2:$AC$10,$B39,FALSE) -> 943 | E39: =HLOOKUP(E$35,$D$2:$AC$10,$B39,FALSE) -> 17 | F39: =HLOOKUP(F$35,$D$2:$AC$10,$B39,FALSE) -> 55 | G39: =HLOOKUP(G$35,$D$2:$AC$10,$B39,FALSE) -> 1716 | H39: =HLOOKUP(H$35,$D$2:$AC$10,$B39,FALSE) -> 781 | I39: =HLOOKUP(I$35,$D$2:$AC$10,$B39,FALSE) -> 77 | J39: =HLOOKUP(J$35,$D$2:$AC$10,$B39,FALSE) -> 644 | K39: =HLOOKUP(K$35,$D$2:$AC$10,$B39,FALSE) -> 231 | ... AC39: =HLOOKUP(AC$35,$D$2:$AC$10,$B39,FALSE) -> 1086
A40: HP electric (brine/water, water/water) | B40: 6 | D40: =HLOOKUP(D$35,$D$2:$AC$10,$B40,FALSE) -> 159 | E40: =HLOOKUP(E$35,$D$2:$AC$10,$B40,FALSE) -> 14 | F40: =HLOOKUP(F$35,$D$2:$AC$10,$B40,FALSE) -> 32 | G40: =HLOOKUP(G$35,$D$2:$AC$10,$B40,FALSE) -> 288 | H40: =HLOOKUP(H$35,$D$2:$AC$10,$B40,FALSE) -> 57 | I40: =HLOOKUP(I$35,$D$2:$AC$10,$B40,FALSE) -> 43 | J40: =HLOOKUP(J$35,$D$2:$AC$10,$B40,FALSE) -> 221 | K40: =HLOOKUP(K$35,$D$2:$AC$10,$B40,FALSE) -> 8 | ... AC40: =HLOOKUP(AC$35,$D$2:$AC$10,$B40,FALSE) -> 846
A41: DH | B41: 7 | D41: =HLOOKUP(D$35,$D$2:$AC$10,$B41,FALSE) -> 13 | E41: =HLOOKUP(E$35,$D$2:$AC$10,$B41,FALSE) -> 2 | F41: =HLOOKUP(F$35,$D$2:$AC$10,$B41,FALSE) -> 7 | G41: =HLOOKUP(G$35,$D$2:$AC$10,$B41,FALSE) -> 248 | H41: =HLOOKUP(H$35,$D$2:$AC$10,$B41,FALSE) -> 31 | I41: =HLOOKUP(I$35,$D$2:$AC$10,$B41,FALSE) -> 48 | J41: =HLOOKUP(J$35,$D$2:$AC$10,$B41,FALSE) -> 46 | K41: =HLOOKUP(K$35,$D$2:$AC$10,$B41,FALSE) -> 0 | ... AC41: =HLOOKUP(AC$35,$D$2:$AC$10,$B41,FALSE) -> 22
A42: ST | B42: 8 | D42: =HLOOKUP(D$35,$D$2:$AC$10,$B42,FALSE) -> 6 | E42: =HLOOKUP(E$35,$D$2:$AC$10,$B42,FALSE) -> 1 | F42: =HLOOKUP(F$35,$D$2:$AC$10,$B42,FALSE) -> 8 | G42: =HLOOKUP(G$35,$D$2:$AC$10,$B42,FALSE) -> 49 | H42: =HLOOKUP(H$35,$D$2:$AC$10,$B42,FALSE) -> 11 | I42: =HLOOKUP(I$35,$D$2:$AC$10,$B42,FALSE) -> 2 | J42: =HLOOKUP(J$35,$D$2:$AC$10,$B42,FALSE) -> 18 | K42: =HLOOKUP(K$35,$D$2:$AC$10,$B42,FALSE) -> 18 | ... AC42: =HLOOKUP(AC$35,$D$2:$AC$10,$B42,FALSE) -> 1
A43: Ventilation and heat recovery | B43: 9 | D43: =HLOOKUP(D$35,$D$2:$AC$10,$B43,FALSE) -> 0 | E43: =HLOOKUP(E$35,$D$2:$AC$10,$B43,FALSE) -> 0 | F43: =HLOOKUP(F$35,$D$2:$AC$10,$B43,FALSE) -> 0 | G43: =HLOOKUP(G$35,$D$2:$AC$10,$B43,FALSE) -> 2 | H43: =HLOOKUP(H$35,$D$2:$AC$10,$B43,FALSE) -> 0 | I43: =HLOOKUP(I$35,$D$2:$AC$10,$B43,FALSE) -> 3 | J43: =HLOOKUP(J$35,$D$2:$AC$10,$B43,FALSE) -> 0 | K43: =HLOOKUP(K$35,$D$2:$AC$10,$B43,FALSE) -> 0 | ... AC43: =HLOOKUP(AC$35,$D$2:$AC$10,$B43,FALSE) -> 0
A45: MFH
A46: Measure | B46: Index | D46: AG | E46: AI | F46: AR | G46: BE | H46: BL | I46: BS | J46: FR | K46: GE | L46: GL | M46: GR | N46: JU | O46: LU | P46: NE | Q46: NW | R46: OW | S46: SG | T46: SH | U46: SO | V46: SZ | W46: TG | X46: TI | Y46: UR | Z46: VD | AA46: VS | AB46: ZG | AC46: ZH
A47: Wood/pelle with daily tank | B47: 2 | D47: =HLOOKUP(D$46,$D$13:$AC$21,$B47,FALSE) -> 3 | E47: =HLOOKUP(E$46,$D$13:$AC$21,$B47,FALSE) -> 0 | F47: =HLOOKUP(F$46,$D$13:$AC$21,$B47,FALSE) -> 0 | G47: =HLOOKUP(G$46,$D$13:$AC$21,$B47,FALSE) -> 0 | H47: =HLOOKUP(H$46,$D$13:$AC$21,$B47,FALSE) -> 0 | I47: =HLOOKUP(I$46,$D$13:$AC$21,$B47,FALSE) -> 0 | J47: =HLOOKUP(J$46,$D$13:$AC$21,$B47,FALSE) -> 1 | K47: =HLOOKUP(K$46,$D$13:$AC$21,$B47,FALSE) -> 0 | ... AC47: =HLOOKUP(AC$46,$D$13:$AC$21,$B47,FALSE) -> 0
A48: Automatic wood heating, heat output ≤ 70 kW | B48: 3 | D48: =HLOOKUP(D$46,$D$13:$AC$21,$B48,FALSE) -> 1 | E48: =HLOOKUP(E$46,$D$13:$AC$21,$B48,FALSE) -> 0 | F48: =HLOOKUP(F$46,$D$13:$AC$21,$B48,FALSE) -> 2 | G48: =HLOOKUP(G$46,$D$13:$AC$21,$B48,FALSE) -> 71 | H48: =HLOOKUP(H$46,$D$13:$AC$21,$B48,FALSE) -> 12 | I48: =HLOOKUP(I$46,$D$13:$AC$21,$B48,FALSE) -> 3 | J48: =HLOOKUP(J$46,$D$13:$AC$21,$B48,FALSE) -> 8 | K48: =HLOOKUP(K$46,$D$13:$AC$21,$B48,FALSE) -> 0 | ... AC48: =HLOOKUP(AC$46,$D$13:$AC$21,$B48,FALSE) -> 0
A49: Automatic wood heating, heat output > 70 kW | B49: 4 | D49: =HLOOKUP(D$46,$D$13:$AC$21,$B49,FALSE) -> 0 | E49: =HLOOKUP(E$46,$D$13:$AC$21,$B49,FALSE) -> 1 | F49: =HLOOKUP(F$46,$D$13:$AC$21,$B49,FALSE) -> 0 | G49: =HLOOKUP(G$46,$D$13:$AC$21,$B49,FALSE) -> 5 | H49: =HLOOKUP(H$46,$D$13:$AC$21,$B49,FALSE) -> 1 | I49: =HLOOKUP(I$46,$D$13:$AC$21,$B49,FALSE) -> 2 | J49: =HLOOKUP(J$46,$D$13:$AC$21,$B49,FALSE) -> 2 | K49: =HLOOKUP(K$46,$D$13:$AC$21,$B49,FALSE) -> 0 | ... AC49: =HLOOKUP(AC$46,$D$13:$AC$21,$B49,FALSE) -> 0
A50: HP air-water | B50: 5 | D50: =HLOOKUP(D$46,$D$13:$AC$21,$B50,FALSE) -> 66 | E50: =HLOOKUP(E$46,$D$13:$AC$21,$B50,FALSE) -> 0 | F50: =HLOOKUP(F$46,$D$13:$AC$21,$B50,FALSE) -> 5 | G50: =HLOOKUP(G$46,$D$13:$AC$21,$B50,FALSE) -> 209 | H50: =HLOOKUP(H$46,$D$13:$AC$21,$B50,FALSE) -> 56 | I50: =HLOOKUP(I$46,$D$13:$AC$21,$B50,FALSE) -> 16 | J50: =HLOOKUP(J$46,$D$13:$AC$21,$B50,FALSE) -> 51 | K50: =HLOOKUP(K$46,$D$13:$AC$21,$B50,FALSE) -> 3 | ... AC50: =HLOOKUP(AC$46,$D$13:$AC$21,$B50,FALSE) -> 148
A51: HP electric (brine/water, water/water) | B51: 6 | D51: =HLOOKUP(D$46,$D$13:$AC$21,$B51,FALSE) -> 42 | E51: =HLOOKUP(E$46,$D$13:$AC$21,$B51,FALSE) -> 4 | F51: =HLOOKUP(F$46,$D$13:$AC$21,$B51,FALSE) -> 1 | G51: =HLOOKUP(G$46,$D$13:$AC$21,$B51,FALSE) -> 64 | H51: =HLOOKUP(H$46,$D$13:$AC$21,$B51,FALSE) -> 16 | I51: =HLOOKUP(I$46,$D$13:$AC$21,$B51,FALSE) -> 5 | J51: =HLOOKUP(J$46,$D$13:$AC$21,$B51,FALSE) -> 29 | K51: =HLOOKUP(K$46,$D$13:$AC$21,$B51,FALSE) -> 0 | ... AC51: =HLOOKUP(AC$46,$D$13:$AC$21,$B51,FALSE) -> 235
A52: DH | B52: 7 | D52: =HLOOKUP(D$46,$D$13:$AC$21,$B52,FALSE) -> 15 | E52: =HLOOKUP(E$46,$D$13:$AC$21,$B52,FALSE) -> 3 | F52: =HLOOKUP(F$46,$D$13:$AC$21,$B52,FALSE) -> 8 | G52: =HLOOKUP(G$46,$D$13:$AC$21,$B52,FALSE) -> 127 | H52: =HLOOKUP(H$46,$D$13:$AC$21,$B52,FALSE) -> 30 | I52: =HLOOKUP(I$46,$D$13:$AC$21,$B52,FALSE) -> 67 | J52: =HLOOKUP(J$46,$D$13:$AC$21,$B52,FALSE) -> 60 | K52: =HLOOKUP(K$46,$D$13:$AC$21,$B52,FALSE) -> 0 | ... AC52: =HLOOKUP(AC$46,$D$13:$AC$21,$B52,FALSE) -> 25
A53: ST | B53: 8 | D53: =HLOOKUP(D$46,$D$13:$AC$21,$B53,FALSE) -> 4 | E53: =HLOOKUP(E$46,$D$13:$AC$21,$B53,FALSE) -> 2 | F53: =HLOOKUP(F$46,$D$13:$AC$21,$B53,FALSE) -> 1 | G53: =HLOOKUP(G$46,$D$13:$AC$21,$B53,FALSE) -> 18 | H53: =HLOOKUP(H$46,$D$13:$AC$21,$B53,FALSE) -> 8 | I53: =HLOOKUP(I$46,$D$13:$AC$21,$B53,FALSE) -> 9 | J53: =HLOOKUP(J$46,$D$13:$AC$21,$B53,FALSE) -> 5 | K53: =HLOOKUP(K$46,$D$13:$AC$21,$B53,FALSE) -> 24 | ... AC53: =HLOOKUP(AC$46,$D$13:$AC$21,$B53,FALSE) -> 1
A54: Ventilation and heat recovery | B54: 9 | D54: =HLOOKUP(D$46,$D$13:$AC$21,$B54,FALSE) -> 0 | E54: =HLOOKUP(E$46,$D$13:$AC$21,$B54,FALSE) -> 0 | F54: =HLOOKUP(F$46,$D$13:$AC$21,$B54,FALSE) -> 0 | G54: =HLOOKUP(G$46,$D$13:$AC$21,$B54,FALSE) -> 1 | H54: =HLOOKUP(H$46,$D$13:$AC$21,$B54,FALSE) -> 0 | I54: =HLOOKUP(I$46,$D$13:$AC$21,$B54,FALSE) -> 2 | J54: =HLOOKUP(J$46,$D$13:$AC$21,$B54,FALSE) -> 0 | K54: =HLOOKUP(K$46,$D$13:$AC$21,$B54,FALSE) -> 0 | ... AC54: =HLOOKUP(AC$46,$D$13:$AC$21,$B54,FALSE) -> 0
A56: Non Res
A57: Measure | B57: Index | D57: AG | E57: AI | F57: AR | G57: BE | H57: BL | I57: BS | J57: FR | K57: GE | L57: GL | M57: GR | N57: JU | O57: LU | P57: NE | Q57: NW | R57: OW | S57: SG | T57: SH | U57: SO | V57: SZ | W57: TG | X57: TI | Y57: UR | Z57: VD | AA57: VS | AB57: ZG | AC57: ZH
A58: Wood/pelle with daily tank | B58: 2 | D58: =HLOOKUP(D$57,$D$24:$AC$32,$B58,FALSE) -> 1 | E58: =HLOOKUP(E$57,$D$24:$AC$32,$B58,FALSE) -> 0 | F58: =HLOOKUP(F$57,$D$24:$AC$32,$B58,FALSE) -> 0 | G58: =HLOOKUP(G$57,$D$24:$AC$32,$B58,FALSE) -> 0 | H58: =HLOOKUP(H$57,$D$24:$AC$32,$B58,FALSE) -> 0 | I58: =HLOOKUP(I$57,$D$24:$AC$32,$B58,FALSE) -> 0 | J58: =HLOOKUP(J$57,$D$24:$AC$32,$B58,FALSE) -> 1 | K58: =HLOOKUP(K$57,$D$24:$AC$32,$B58,FALSE) -> 0 | ... AC58: =HLOOKUP(AC$57,$D$24:$AC$32,$B58,FALSE) -> 0
A59: Automatic wood heating, heat output ≤ 70 kW | B59: 3 | D59: =HLOOKUP(D$57,$D$24:$AC$32,$B59,FALSE) -> 0 | E59: =HLOOKUP(E$57,$D$24:$AC$32,$B59,FALSE) -> 0 | F59: =HLOOKUP(F$57,$D$24:$AC$32,$B59,FALSE) -> 1 | G59: =HLOOKUP(G$57,$D$24:$AC$32,$B59,FALSE) -> 8 | H59: =HLOOKUP(H$57,$D$24:$AC$32,$B59,FALSE) -> 2 | I59: =HLOOKUP(I$57,$D$24:$AC$32,$B59,FALSE) -> 0 | J59: =HLOOKUP(J$57,$D$24:$AC$32,$B59,FALSE) -> 2 | K59: =HLOOKUP(K$57,$D$24:$AC$32,$B59,FALSE) -> 0 | ... AC59: =HLOOKUP(AC$57,$D$24:$AC$32,$B59,FALSE) -> 0
A60: Automatic wood heating, heat output > 70 kW | B60: 4 | D60: =HLOOKUP(D$57,$D$24:$AC$32,$B60,FALSE) -> 0 | E60: =HLOOKUP(E$57,$D$24:$AC$32,$B60,FALSE) -> 0 | F60: =HLOOKUP(F$57,$D$24:$AC$32,$B60,FALSE) -> 0 | G60: =HLOOKUP(G$57,$D$24:$AC$32,$B60,FALSE) -> 4 | H60: =HLOOKUP(H$57,$D$24:$AC$32,$B60,FALSE) -> 4 | I60: =HLOOKUP(I$57,$D$24:$AC$32,$B60,FALSE) -> 0 | J60: =HLOOKUP(J$57,$D$24:$AC$32,$B60,FALSE) -> 0 | K60: =HLOOKUP(K$57,$D$24:$AC$32,$B60,FALSE) -> 0 | ... AC60: =HLOOKUP(AC$57,$D$24:$AC$32,$B60,FALSE) -> 0
A61: HP air-water | B61: 5 | D61: =HLOOKUP(D$57,$D$24:$AC$32,$B61,FALSE) -> 9 | E61: =HLOOKUP(E$57,$D$24:$AC$32,$B61,FALSE) -> 0 | F61: =HLOOKUP(F$57,$D$24:$AC$32,$B61,FALSE) -> 0 | G61: =HLOOKUP(G$57,$D$24:$AC$32,$B61,FALSE) -> 18 | H61: =HLOOKUP(H$57,$D$24:$AC$32,$B61,FALSE) -> 6 | I61: =HLOOKUP(I$57,$D$24:$AC$32,$B61,FALSE) -> 0 | J61: =HLOOKUP(J$57,$D$24:$AC$32,$B61,FALSE) -> 2 | K61: =HLOOKUP(K$57,$D$24:$AC$32,$B61,FALSE) -> 2 | ... AC61: =HLOOKUP(AC$57,$D$24:$AC$32,$B61,FALSE) -> 13
A62: HP electric (brine/water, water/water) | B62: 6 | D62: =HLOOKUP(D$57,$D$24:$AC$32,$B62,FALSE) -> 1 | E62: =HLOOKUP(E$57,$D$24:$AC$32,$B62,FALSE) -> 1 | F62: =HLOOKUP(F$57,$D$24:$AC$32,$B62,FALSE) -> 0 | G62: =HLOOKUP(G$57,$D$24:$AC$32,$B62,FALSE) -> 5 | H62: =HLOOKUP(H$57,$D$24:$AC$32,$B62,FALSE) -> 5 | I62: =HLOOKUP(I$57,$D$24:$AC$32,$B62,FALSE) -> 0 | J62: =HLOOKUP(J$57,$D$24:$AC$32,$B62,FALSE) -> 2 | K62: =HLOOKUP(K$57,$D$24:$AC$32,$B62,FALSE) -> 0 | ... AC62: =HLOOKUP(AC$57,$D$24:$AC$32,$B62,FALSE) -> 7
A63: DH | B63: 7 | D63: =HLOOKUP(D$57,$D$24:$AC$32,$B63,FALSE) -> 1 | E63: =HLOOKUP(E$57,$D$24:$AC$32,$B63,FALSE) -> 1 | F63: =HLOOKUP(F$57,$D$24:$AC$32,$B63,FALSE) -> 0 | G63: =HLOOKUP(G$57,$D$24:$AC$32,$B63,FALSE) -> 34 | H63: =HLOOKUP(H$57,$D$24:$AC$32,$B63,FALSE) -> 6 | I63: =HLOOKUP(I$57,$D$24:$AC$32,$B63,FALSE) -> 3 | J63: =HLOOKUP(J$57,$D$24:$AC$32,$B63,FALSE) -> 20 | K63: =HLOOKUP(K$57,$D$24:$AC$32,$B63,FALSE) -> 2 | ... AC63: =HLOOKUP(AC$57,$D$24:$AC$32,$B63,FALSE) -> 7
A64: ST | B64: 8 | D64: =HLOOKUP(D$57,$D$24:$AC$32,$B64,FALSE) -> 0 | E64: =HLOOKUP(E$57,$D$24:$AC$32,$B64,FALSE) -> 0 | F64: =HLOOKUP(F$57,$D$24:$AC$32,$B64,FALSE) -> 1 | G64: =HLOOKUP(G$57,$D$24:$AC$32,$B64,FALSE) -> 3 | H64: =HLOOKUP(H$57,$D$24:$AC$32,$B64,FALSE) -> 0 | I64: =HLOOKUP(I$57,$D$24:$AC$32,$B64,FALSE) -> 0 | J64: =HLOOKUP(J$57,$D$24:$AC$32,$B64,FALSE) -> 1 | K64: =HLOOKUP(K$57,$D$24:$AC$32,$B64,FALSE) -> 0 | ... AC64: =HLOOKUP(AC$57,$D$24:$AC$32,$B64,FALSE) -> 0
A65: Ventilation and heat recovery | B65: 9 | D65: =HLOOKUP(D$57,$D$24:$AC$32,$B65,FALSE) -> 0 | E65: =HLOOKUP(E$57,$D$24:$AC$32,$B65,FALSE) -> 0 | F65: =HLOOKUP(F$57,$D$24:$AC$32,$B65,FALSE) -> 0 | G65: =HLOOKUP(G$57,$D$24:$AC$32,$B65,FALSE) -> 0 | H65: =HLOOKUP(H$57,$D$24:$AC$32,$B65,FALSE) -> 0 | I65: =HLOOKUP(I$57,$D$24:$AC$32,$B65,FALSE) -> 0 | J65: =HLOOKUP(J$57,$D$24:$AC$32,$B65,FALSE) -> 0 | K65: =HLOOKUP(K$57,$D$24:$AC$32,$B65,FALSE) -> 0 | ... AC65: =HLOOKUP(AC$57,$D$24:$AC$32,$B65,FALSE) -> 0
C67: HP - SFH | D67: =SUM(D39:D40) -> 1102 | E67: =SUM(E39:E40) -> 31 | F67: =SUM(F39:F40) -> 87 | G67: =SUM(G39:G40) -> 2004 | H67: =SUM(H39:H40) -> 838 | I67: =SUM(I39:I40) -> 120 | J67: =SUM(J39:J40) -> 865 | K67: =SUM(K39:K40) -> 239 | ... AC67: =SUM(AC39:AC40) -> 1932
C68: HP - MFH | D68: =SUM(D50:D51) -> 108 | E68: =SUM(E50:E51) -> 4 | F68: =SUM(F50:F51) -> 6 | G68: =SUM(G50:G51) -> 273 | H68: =SUM(H50:H51) -> 72 | I68: =SUM(I50:I51) -> 21 | J68: =SUM(J50:J51) -> 80 | K68: =SUM(K50:K51) -> 3 | ... AC68: =SUM(AC50:AC51) -> 383
C69: HP - NonRes | D69: =SUM(D61:D62) -> 10 | E69: =SUM(E61:E62) -> 1 | F69: =SUM(F61:F62) -> 0 | G69: =SUM(G61:G62) -> 23 | H69: =SUM(H61:H62) -> 11 | I69: =SUM(I61:I62) -> 0 | J69: =SUM(J61:J62) -> 4 | K69: =SUM(K61:K62) -> 2 | ... AC69: =SUM(AC61:AC62) -> 20
C71: TOT | D71: =SUM(D36:D43,D47:D54,D58:D65) -> 1284 | E71: =SUM(E36:E43,E47:E54,E58:E65) -> 54 | F71: =SUM(F36:F43,F47:F54,F58:F65) -> 129 | G71: =SUM(G36:G43,G47:G54,G58:G65) -> 3030 | H71: =SUM(H36:H43,H47:H54,H58:H65) -> 1058 | I71: =SUM(I36:I43,I47:I54,I58:I65) -> 282 | J71: =SUM(J36:J43,J47:J54,J58:J65) -> 1173 | K71: =SUM(K36:K43,K47:K54,K58:K65) -> 288 | ... AC71: =SUM(AC36:AC43,AC47:AC54,AC58:AC65) -> 2391

Sheet 2022 CHF
A1: SFH
A2: Measure | B2: Unit | C2: CH | D2: ZH | E2: BE | F2: LU | G2: UR | H2: SZ | I2: OW | J2: NW | K2: GL | L2: ZG | M2: FR | N2: SO | O2: BS | P2: BL | Q2: SH | R2: AR | S2: AI | T2: SG | U2: GR | V2: AG | W2: TG | X2: TI | Y2: VD | Z2: VS | AA2: NE | AB2: GE | AC2: JU
A3: Wood/pelle with daily tank | B3: CHF | C3: 655131 | D3: 0 | E3: 0 | F3: 0 | G3: 0 | H3: 35000 | I3: 10000 | J3: 0 | K3: 43950 | L3: 0 | M3: 96678 | N3: 12000 | O3: 0 | P3: 32300 | Q3: 8000 | R3: 14000 | S3: 25000 | T3: 10000 | U3: 114993 | V3: 18000 | W3: 45000 | X3: 63710 | Y3: 58500 | Z3: 0 | AA3: 0 | AB3: 0 | AC3: 68000
A4: Automatic wood heating, heat output ≤ 70 kW | B4: CHF | C4: 4410711 | D4: 0 | E4: 1269697 | F4: 101936 | G4: 24000 | H4: 22900 | I4: 0 | J4: 0 | K4: 43120 | L4: 4450 | M4: 307910 | N4: 169358 | O4: 23600 | P4: 169085 | Q4: 54875 | R4: 39100 | S4: 9500 | T4: 0 | U4: 119120 | V4: 54815 | W4: 157150 | X4: 157660 | Y4: 1138885 | Z4: 88800 | AA4: 212810 | AB4: 0 | AC4: 241940
A5: Automatic wood heating, heat output > 70 kW | B5: CHF | C5: 0 | D5: 0 | E5: 0 | F5: 0 | G5: 0 | H5: 0 | I5: 0 | J5: 0 | K5: 0 | L5: 0 | M5: 0 | N5: 0 | O5: 0 | P5: 0 | Q5: 0 | R5: 0 | S5: 0 | T5: 0 | U5: 0 | V5: 0 | W5: 0 | X5: 0 | Y5: 0 | Z5: 0 | AA5: 0 | AB5: 0 | AC5: 0
A6: HP air-water | B6: CHF | C6: 64087982 | D6: 5013605 | E6: 14290863 | F6: 1086700 | G6: 94000 | H6: 680139 | I6: 33000 | J6: 81897 | K6: 456109 | L6: 127500 | M6: 5597823 | N6: 3131380 | O6: 796881 | P6: 6345699 | Q6: 857100 | R6: 270251 | S6: 42444 | T6: 2167335.8 | U6: 1154336 | V6: 4398247 | W6: 2187100 | X6: 4743818 | Y6: 3157946 | Z6: 4390640 | AA6: 984011 | AB6: 1618900 | AC6: 380257
A7: HP electric (brine/water, water/water) | B7: CHF | C7: 28163056 | D7: 8350077 | E7: 2908225 | F7: 1575307 | G7: 58000 | H7: 238038 | I7: 18000 | J7: 5500 | K7: 17203 | L7: 83860 | M7: 2894705 | N7: 699790 | O7: 1226829 | P7: 664906 | Q7: 254500 | R7: 254206 | S7: 58798 | T7: 1849447 | U7: 847530 | V7: 1221817 | W7: 2450500 | X7: 85508 | Y7: 1874920 | Z7: 299871 | AA7: 90411 | AB7: 82720 | AC7: 52388
A8: DH | B8: CHF | C8: 4744418 | D8: 150223 | E8: 1858172 | F8: 57400 | G8: 69598 | H8: 377086 | I8: 83000 | J8: 5918 | K8: 12280 | L8: 0 | M8: 398359 | N8: 138082 | O8: 306304 | P8: 249255 | Q8: 384554 | R8: 37370 | S8: 8320 | T8: 22240 | U8: 80100 | V8: 57765 | W8: 157819 | X8: 83100 | Y8: 97255 | Z8: 77394 | AA8: 16665 | AB8: 0 | AC8: 16159
A9: ST | B9: CHF | C9: 1918952.5 | D9: 3397 | E9: 200800 | F9: 69660 | G9: 16000 | H9: 8279 | I9: 0 | J9: 5430 | K9: 18394 | L9: 0 | M9: 83978 | N9: 60725 | O9: 8920 | P9: 63563 | Q9: 0 | R9: 40628.5 | S9: 4900 | T9: 57000 | U9: 124051 | V9: 19429 | W9: 51668 | X9: 102038 | Y9: 832412 | Z9: 43320 | AA9: 27820 | AB9: 51562 | AC9: 24978
A10: Ventilation and heat recovery | B10: CHF | C10: 57868 | D10: 0 | E10: 9000 | F10: 0 | G10: 0 | H10: 0 | I10: 0 | J10: 0 | K10: 0 | L10: 0 | M10: 0 | N10: 0 | O10: 7200 | P10: 0 | Q10: 7000 | R10: 0 | S10: 0 | T10: 0 | U10: 6268 | V10: 0 | W10: 14000 | X10: 0 | Y10: 14400 | Z10: 0 | AA10: 0 | AB10: 0 | AC10: 0
A12: MFH
A13: Measure | B13: Unit | C13: CH | D13: ZH | E13: BE | F13: LU | G13: UR | H13: SZ | I13: OW | J13: NW | K13: GL | L13: ZG | M13: FR | N13: SO | O13: BS | P13: BL | Q13: SH | R13: AR | S13: AI | T13: SG | U13: GR | V13: AG | W13: TG | X13: TI | Y13: VD | Z13: VS | AA13: NE | AB13: GE | AC13: JU
A14: Wood/pelle with daily tank | B14: CHF | C14: 62100 | D14: 0 | E14: 0 | F14: 5000 | G14: 0 | H14: 5000 | I14: 0 | J14: 0 | K14: 0 | L14: 0 | M14: 4500 | N14: 3000 | O14: 0 | P14: 0 | Q14: 0 | R14: 0 | S14: 0 | T14: 0 | U14: 10000 | V14: 9000 | W14: 12100 | X14: 9000 | Y14: 4500 | Z14: 0 | AA14: 0 | AB14: 0 | AC14: 0
A15: Automatic wood heating, heat output ≤ 70 kW | B15: CHF | C15: 2902171 | D15: 0 | E15: 596860 | F15: 132460 | G15: 6000 | H15: 24200 | I15: 0 | J15: 4625 | K15: 9000 | L15: 0 | M15: 54724 | N15: 102658 | O15: 50840 | P15: 106795 | Q15: 63725 | R15: 10275 | S15: 0 | T15: 0 | U15: 635840 | V15: 7338 | W15: 142810 | X15: 9530 | Y15: 411360 | Z15: 269106 | AA15: 153090 | AB15: 0 | AC15: 110935
A16: Automatic wood heating, heat output > 70 kW | B16: CHF | C16: 377751 | D16: 0 | E16: 77420 | F16: 20970 | G16: 0 | H16: 0 | I16: 0 | J16: 0 | K16: 0 | L16: 0 | M16: 19558 | N16: 0 | O16: 57430 | P16: 66000 | Q16: 0 | R16: 0 | S16: 9108 | T16: 0 | U16: 43760 | V16: 0 | W16: 28500 | X16: 0 | Y16: 10800 | Z16: 44205 | AA16: 0 | AB16: 0 | AC16: 0
A17: HP air-water | B17: CHF | C17: 8341988 | D17: 775019 | E17: 1868850 | F17: 331177 | G17: 19000 | H17: 319130 | I17: 0 | J17: 59479 | K17: 39280 | L17: 54030 | M17: 584793 | N17: 340890 | O17: 226342 | P17: 510048 | Q17: 70050 | R17: 27426 | S17: 0 | T17: 59800 | U17: 463632 | V17: 337425 | W17: 300948 | X17: 659155 | Y17: 310574 | Z17: 818436 | AA17: 78358 | AB17: 54760 | AC17: 33386
A18: HP electric (brine/water, water/water) | B18: CHF | C18: 10499025 | D18: 3237564 | E18: 668781 | F18: 1580988 | G18: 16000 | H18: 141164 | I18: 60120 | J18: 43181 | K18: 48825 | L18: 63420 | M18: 509222 | N18: 162359 | O18: 208793 | P18: 277654 | Q18: 218545 | R18: 7644 | S18: 21030 | T18: 420588 | U18: 911825 | V18: 537533 | W18: 596770 | X18: 41938 | Y18: 235700 | Z18: 480406 | AA18: 8975 | AB18: 0 | AC18: 0
A19: DH | B19: CHF | C19: 6149716 | D19: 209597 | E19: 1074991 | F19: 299212 | G19: 119855 | H19: 316080 | I19: 49000 | J19: 38246 | K19: 13760 | L19: 24800 | M19: 670547 | N19: 110020 | O19: 932025 | P19: 373335 | Q19: 258947 | R19: 41130 | S19: 16280 | T19: 42500 | U19: 434060 | V19: 71613 | W19: 291125 | X19: 93250 | Y19: 194199 | Z19: 461862 | AA19: 8922 | AB19: 0 | AC19: 4360
A20: ST | B20: CHF | C20: 1198856.6 | D20: 3416 | E20: 108600 | F20: 114824.6 | G20: 0 | H20: 9900 | I20: 0 | J20: 5542 | K20: 0 | L20: 0 | M20: 21714 | N20: 19481 | O20: 74225 | P20: 95208 | Q20: 0 | R20: 6810 | S20: 7765 | T20: 18500 | U20: 112009 | V20: 27743 | W20: 0 | X20: 0 | Y20: 327425 | Z20: 17002 | AA20: 72340 | AB20: 148000 | AC20: 8352
A21: Ventilation and heat recovery | B21: CHF | C21: 124000 | D21: 0 | E21: 66000 | F21: 0 | G21: 0 | H21: 0 | I21: 0 | J21: 0 | K21: 0 | L21: 0 | M21: 0 | N21: 0 | O21: 48000 | P21: 0 | Q21: 0 | R21: 0 | S21: 0 | T21: 0 | U21: 10000 | V21: 0 | W21: 0 | X21: 0 | Y21: 0 | Z21: 0 | AA21: 0 | AB21: 0 | AC21: 0
A23: Non Res
A24: Measure | B24: Unit | C24: CH | D24: ZH | E24: BE | F24: LU | G24: UR | H24: SZ | I24: OW | J24: NW | K24: GL | L24: ZG | M24: FR | N24: SO | O24: BS | P24: BL | Q24: SH | R24: AR | S24: AI | T24: SG | U24: GR | V24: AG | W24: TG | X24: TI | Y24: VD | Z24: VS | AA24: NE | AB24: GE | AC24: JU
A25: Wood/pelle with daily tank | B25: CHF | C25: 30100 | D25: 0 | E25: 0 | F25: 0 | G25: 0 | H25: 0 | I25: 5000 | J25: 0 | K25: 0 | L25: 0 | M25: 13500 | N25: 0 | O25: 0 | P25: 0 | Q25: 0 | R25: 0 | S25: 0 | T25: 0 | U25: 5000 | V25: 6600 | W25: 0 | X25: 0 | Y25: 0 | Z25: 0 | AA25: 0 | AB25: 0 | AC25: 0
A26: Automatic wood heating, heat output ≤ 70 kW | B26: CHF | C26: 326276 | D26: 0 | E26: 76320 | F26: 9360 | G26: 16000 | H26: 0 | I26: 0 | J26: 0 | K26: 0 | L26: 0 | M26: 15398 | N26: 0 | O26: 0 | P26: 15700 | Q26: 0 | R26: 5493 | S26: 0 | T26: 0 | U26: 101980 | V26: 0 | W26: 0 | X26: 7500 | Y26: 31000 | Z26: 26435 | AA26: 9500 | AB26: 0 | AC26: 11590
A27: Automatic wood heating, heat output > 70 kW | B27: CHF | C27: 565454 | D27: 0 | E27: 87640 | F27: 0 | G27: 0 | H27: 0 | I27: 0 | J27: 0 | K27: 0 | L27: 0 | M27: 0 | N27: 0 | O27: 0 | P27: 289700 | Q27: 14700 | R27: 0 | S27: 0 | T27: 9720 | U27: 0 | V27: 0 | W27: 54800 | X27: 0 | Y27: 17100 | Z27: 46494 | AA27: 0 | AB27: 0 | AC27: 45300
A28: HP air-water | B28: CHF | C28: 1143505 | D28: 104121 | E28: 166269 | F28: 5300 | G28: 0 | H28: 8460 | I28: 0 | J28: 0 | K28: 8000 | L28: 0 | M28: 13456 | N28: 37791 | O28: 0 | P28: 48110 | Q28: 25345 | R28: 0 | S28: 0 | T28: 17480 | U28: 74928 | V28: 47128 | W28: 146288 | X28: 118459 | Y28: 42898 | Z28: 230837 | AA28: 11665 | AB28: 22360 | AC28: 14610
A29: HP electric (brine/water, water/water) | B29: CHF | C29: 1762118 | D29: 127670 | E29: 91800 | F29: 57140 | G29: 0 | H29: 0 | I29: 0 | J29: 0 | K29: 50000 | L29: 0 | M29: 46965 | N29: 123053 | O29: 0 | P29: 128700 | Q29: 48110 | R29: 0 | S29: 4848 | T29: 22020 | U29: 541350 | V29: 9096 | W29: 148788 | X29: 0 | Y29: 216630 | Z29: 145948 | AA29: 0 | AB29: 0 | AC29: 0
A30: DH | B30: CHF | C30: 1498652 | D30: 57384 | E30: 358282 | F30: 18400 | G30: 67800 | H30: 24900 | I30: 6400 | J30: 11570 | K30: 20020 | L30: 45630 | M30: 220208 | N30: 17310 | O30: 53210 | P30: 107027 | Q30: 94909 | R30: 0 | S30: 4400 | T30: 0 | U30: 0 | V30: 4240 | W30: 83853 | X30: 143250 | Y30: 0 | Z30: 91749 | AA30: 0 | AB30: 55070 | AC30: 13040
A31: ST | B31: CHF | C31: 103213 | D31: 0 | E31: 24100 | F31: 18530 | G31: 0 | H31: 0 | I31: 0 | J31: 0 | K31: 0 | L31: 0 | M31: 3625 | N31: 4488 | O31: 0 | P31: 0 | Q31: 0 | R31: 7610 | S31: 0 | T31: 5000 | U31: 0 | V31: 0 | W31: 0 | X31: 0 | Y31: 29290 | Z31: 3735 | AA31: 0 | AB31: 0 | AC31: 6835
A32: Ventilation and heat recovery | B32: CHF | C32: 0 | D32: 0 | E32: 0 | F32: 0 | G32: 0 | H32: 0 | I32: 0 | J32: 0 | K32: 0 | L32: 0 | M32: 0 | N32: 0 | O32: 0 | P32: 0 | Q32: 0 | R32: 0 | S32: 0 | T32: 0 | U32: 0 | V32: 0 | W32: 0 | X32: 0 | Y32: 0 | Z32: 0 | AA32: 0 | AB32: 0 | AC32: 0
A34: SFH
A35: Measure | B35: Index | D35: AG | E35: AI | F35: AR | G35: BE | H35: BL | I35: BS | J35: FR | K35: GE | L35: GL | M35: GR | N35: JU | O35: LU | P35: NE | Q35: NW | R35: OW | S35: SG | T35: SH | U35: SO | V35: SZ | W35: TG | X35: TI | Y35: UR | Z35: VD | AA35: VS | AB35: ZG | AC35: ZH
A36: Wood/pelle with daily tank | B36: 2 | D36: =HLOOKUP(D$35,$D$2:$AC$10,$B36,FALSE) -> 18000 | E36: =HLOOKUP(E$35,$D$2:$AC$10,$B36,FALSE) -> 25000 | F36: =HLOOKUP(F$35,$D$2:$AC$10,$B36,FALSE) -> 14000 | G36: =HLOOKUP(G$35,$D$2:$AC$10,$B36,FALSE) -> 0 | H36: =HLOOKUP(H$35,$D$2:$AC$10,$B36,FALSE) -> 32300 | I36: =HLOOKUP(I$35,$D$2:$AC$10,$B36,FALSE) -> 0 | J36: =HLOOKUP(J$35,$D$2:$AC$10,$B36,FALSE) -> 96678 | K36: =HLOOKUP(K$35,$D$2:$AC$10,$B36,FALSE) -> 0 | ... AC36: =HLOOKUP(AC$35,$D$2:$AC$10,$B36,FALSE) -> 0
A37: Automatic wood heating, heat output ≤ 70 kW | B37: 3 | D37: =HLOOKUP(D$35,$D$2:$AC$10,$B37,FALSE) -> 54815 | E37: =HLOOKUP(E$35,$D$2:$AC$10,$B37,FALSE) -> 9500 | F37: =HLOOKUP(F$35,$D$2:$AC$10,$B37,FALSE) -> 39100 | G37: =HLOOKUP(G$35,$D$2:$AC$10,$B37,FALSE) -> 1269697 | H37: =HLOOKUP(H$35,$D$2:$AC$10,$B37,FALSE) -> 169085 | I37: =HLOOKUP(I$35,$D$2:$AC$10,$B37,FALSE) -> 23600 | J37: =HLOOKUP(J$35,$D$2:$AC$10,$B37,FALSE) -> 307910 | K37: =HLOOKUP(K$35,$D$2:$AC$10,$B37,FALSE) -> 0 | ... AC37: =HLOOKUP(AC$35,$D$2:$AC$10,$B37,FALSE) -> 0
A38: Automatic wood heating, heat output > 70 kW | B38: 4 | D38: =HLOOKUP(D$35,$D$2:$AC$10,$B38,FALSE) -> 0 | E38: =HLOOKUP(E$35,$D$2:$AC$10,$B38,FALSE) -> 0 | F38: =HLOOKUP(F$35,$D$2:$AC$10,$B38,FALSE) -> 0 | G38: =HLOOKUP(G$35,$D$2:$AC$10,$B38,FALSE) -> 0 | H38: =HLOOKUP(H$35,$D$2:$AC$10,$B38,FALSE) -> 0 | I38: =HLOOKUP(I$35,$D$2:$AC$10,$B38,FALSE) -> 0 | J38: =HLOOKUP(J$35,$D$2:$AC$10,$B38,FALSE) -> 0 | K38: =HLOOKUP(K$35,$D$2:$AC$10,$B38,FALSE) -> 0 | ... AC38: =HLOOKUP(AC$35,$D$2:$AC$10,$B38,FALSE) -> 0
A39: HP air-water | B39: 5 | D39: =HLOOKUP(D$35,$D$2:$AC$10,$B39,FALSE) -> 4398247 | E39: =HLOOKUP(E$35,$D$2:$AC$10,$B39,FALSE) -> 42444 | F39: =HLOOKUP(F$35,$D$2:$AC$10,$B39,FALSE) -> 270251 | G39: =HLOOKUP(G$35,$D$2:$AC$10,$B39,FALSE) -> 14290863 | H39: =HLOOKUP(H$35,$D$2:$AC$10,$B39,FALSE) -> 6345699 | I39: =HLOOKUP(I$35,$D$2:$AC$10,$B39,FALSE) -> 796881 | J39: =HLOOKUP(J$35,$D$2:$AC$10,$B39,FALSE) -> 5597823 | K39: =HLOOKUP(K$35,$D$2:$AC$10,$B39,FALSE) -> 1618900 | ... AC39: =HLOOKUP(AC$35,$D$2:$AC$10,$B39,FALSE) -> 5013605
A40: HP electric (brine/water, water/water) | B40: 6 | D40: =HLOOKUP(D$35,$D$2:$AC$10,$B40,FALSE) -> 1221817 | E40: =HLOOKUP(E$35,$D$2:$AC$10,$B40,FALSE) -> 58798 | F40: =HLOOKUP(F$35,$D$2:$AC$10,$B40,FALSE) -> 254206 | G40: =HLOOKUP(G$35,$D$2:$AC$10,$B40,FALSE) -> 2908225 | H40: =HLOOKUP(H$35,$D$2:$AC$10,$B40,FALSE) -> 664906 | I40: =HLOOKUP(I$35,$D$2:$AC$10,$B40,FALSE) -> 1226829 | J40: =HLOOKUP(J$35,$D$2:$AC$10,$B40,FALSE) -> 2894705 | K40: =HLOOKUP(K$35,$D$2:$AC$10,$B40,FALSE) -> 82720 | ... AC40: =HLOOKUP(AC$35,$D$2:$AC$10,$B40,FALSE) -> 8350077
A41: DH | B41: 7 | D41: =HLOOKUP(D$35,$D$2:$AC$10,$B41,FALSE) -> 57765 | E41: =HLOOKUP(E$35,$D$2:$AC$10,$B41,FALSE) -> 8320 | F41: =HLOOKUP(F$35,$D$2:$AC$10,$B41,FALSE) -> 37370 | G41: =HLOOKUP(G$35,$D$2:$AC$10,$B41,FALSE) -> 1858172 | H41: =HLOOKUP(H$35,$D$2:$AC$10,$B41,FALSE) -> 249255 | I41: =HLOOKUP(I$35,$D$2:$AC$10,$B41,FALSE) -> 306304 | J41: =HLOOKUP(J$35,$D$2:$AC$10,$B41,FALSE) -> 398359 | K41: =HLOOKUP(K$35,$D$2:$AC$10,$B41,FALSE) -> 0 | ... AC41: =HLOOKUP(AC$35,$D$2:$AC$10,$B41,FALSE) -> 150223
A42: ST | B42: 8 | D42: =HLOOKUP(D$35,$D$2:$AC$10,$B42,FALSE) -> 19429 | E42: =HLOOKUP(E$35,$D$2:$AC$10,$B42,FALSE) -> 4900 | F42: =HLOOKUP(F$35,$D$2:$AC$10,$B42,FALSE) -> 40628.5 | G42: =HLOOKUP(G$35,$D$2:$AC$10,$B42,FALSE) -> 200800 | H42: =HLOOKUP(H$35,$D$2:$AC$10,$B42,FALSE) -> 63563 | I42: =HLOOKUP(I$35,$D$2:$AC$10,$B42,FALSE) -> 8920 | J42: =HLOOKUP(J$35,$D$2:$AC$10,$B42,FALSE) -> 83978 | K42: =HLOOKUP(K$35,$D$2:$AC$10,$B42,FALSE) -> 51562 | ... AC42: =HLOOKUP(AC$35,$D$2:$AC$10,$B42,FALSE) -> 3397
A43: Ventilation and heat recovery | B43: 9 | D43: =HLOOKUP(D$35,$D$2:$AC$10,$B43,FALSE) -> 0 | E43: =HLOOKUP(E$35,$D$2:$AC$10,$B43,FALSE) -> 0 | F43: =HLOOKUP(F$35,$D$2:$AC$10,$B43,FALSE) -> 0 | G43: =HLOOKUP(G$35,$D$2:$AC$10,$B43,FALSE) -> 9000 | H43: =HLOOKUP(H$35,$D$2:$AC$10,$B43,FALSE) -> 0 | I43: =HLOOKUP(I$35,$D$2:$AC$10,$B43,FALSE) -> 7200 | J43: =HLOOKUP(J$35,$D$2:$AC$10,$B43,FALSE) -> 0 | K43: =HLOOKUP(K$35,$D$2:$AC$10,$B43,FALSE) -> 0 | ... AC43: =HLOOKUP(AC$35,$D$2:$AC$10,$B43,FALSE) -> 0
A45: MFH
A46: Measure | B46: Index | D46: AG | E46: AI | F46: AR | G46: BE | H46: BL | I46: BS | J46: FR | K46: GE | L46: GL | M46: GR | N46: JU | O46: LU | P46: NE | Q46: NW | R46: OW | S46: SG | T46: SH | U46: SO | V46: SZ | W46: TG | X46: TI | Y46: UR | Z46: VD | AA46: VS | AB46: ZG | AC46: ZH
A47: Wood/pelle with daily tank | B47: 2 | D47: =HLOOKUP(D$46,$D$13:$AC$21,$B47,FALSE) -> 9000 | E47: =HLOOKUP(E$46,$D$13:$AC$21,$B47,FALSE) -> 0 | F47: =HLOOKUP(F$46,$D$13:$AC$21,$B47,FALSE) -> 0 | G47: =HLOOKUP(G$46,$D$13:$AC$21,$B47,FALSE) -> 0 | H47: =HLOOKUP(H$46,$D$13:$AC$21,$B47,FALSE) -> 0 | I47: =HLOOKUP(I$46,$D$13:$AC$21,$B47,FALSE) -> 0 | J47: =HLOOKUP(J$46,$D$13:$AC$21,$B47,FALSE) -> 4500 | K47: =HLOOKUP(K$46,$D$13:$AC$21,$B47,FALSE) -> 0 | ... AC47: =HLOOKUP(AC$46,$D$13:$AC$21,$B47,FALSE) -> 0
A48: Automatic wood heating, heat output ≤ 70 kW | B48: 3 | D48: =HLOOKUP(D$46,$D$13:$AC$21,$B48,FALSE) -> 7338 | E48: =HLOOKUP(E$46,$D$13:$AC$21,$B48,FALSE) -> 0 | F48: =HLOOKUP(F$46,$D$13:$AC$21,$B48,FALSE) -> 10275 | G48: =HLOOKUP(G$46,$D$13:$AC$21,$B48,FALSE) -> 596860 | H48: =HLOOKUP(H$46,$D$13:$AC$21,$B48,FALSE) -> 106795 | I48: =HLOOKUP(I$46,$D$13:$AC$21,$B48,FALSE) -> 50840 | J48: =HLOOKUP(J$46,$D$13:$AC$21,$B48,FALSE) -> 54724 | K48: =HLOOKUP(K$46,$D$13:$AC$21,$B48,FALSE) -> 0 | ... AC48: =HLOOKUP(AC$46,$D$13:$AC$21,$B48,FALSE) -> 0
A49: Automatic wood heating, heat output > 70 kW | B49: 4 | D49: =HLOOKUP(D$46,$D$13:$AC$21,$B49,FALSE) -> 0 | E49: =HLOOKUP(E$46,$D$13:$AC$21,$B49,FALSE) -> 9108 | F49: =HLOOKUP(F$46,$D$13:$AC$21,$B49,FALSE) -> 0 | G49: =HLOOKUP(G$46,$D$13:$AC$21,$B49,FALSE) -> 77420 | H49: =HLOOKUP(H$46,$D$13:$AC$21,$B49,FALSE) -> 66000 | I49: =HLOOKUP(I$46,$D$13:$AC$21,$B49,FALSE) -> 57430 | J49: =HLOOKUP(J$46,$D$13:$AC$21,$B49,FALSE) -> 19558 | K49: =HLOOKUP(K$46,$D$13:$AC$21,$B49,FALSE) -> 0 | ... AC49: =HLOOKUP(AC$46,$D$13:$AC$21,$B49,FALSE) -> 0
A50: HP air-water | B50: 5 | D50: =HLOOKUP(D$46,$D$13:$AC$21,$B50,FALSE) -> 337425 | E50: =HLOOKUP(E$46,$D$13:$AC$21,$B50,FALSE) -> 0 | F50: =HLOOKUP(F$46,$D$13:$AC$21,$B50,FALSE) -> 27426 | G50: =HLOOKUP(G$46,$D$13:$AC$21,$B50,FALSE) -> 1868850 | H50: =HLOOKUP(H$46,$D$13:$AC$21,$B50,FALSE) -> 510048 | I50: =HLOOKUP(I$46,$D$13:$AC$21,$B50,FALSE) -> 226342 | J50: =HLOOKUP(J$46,$D$13:$AC$21,$B50,FALSE) -> 584793 | K50: =HLOOKUP(K$46,$D$13:$AC$21,$B50,FALSE) -> 54760 | ... AC50: =HLOOKUP(AC$46,$D$13:$AC$21,$B50,FALSE) -> 775019
A51: HP electric (brine/water, water/water) | B51: 6 | D51: =HLOOKUP(D$46,$D$13:$AC$21,$B51,FALSE) -> 537533 | E51: =HLOOKUP(E$46,$D$13:$AC$21,$B51,FALSE) -> 21030 | F51: =HLOOKUP(F$46,$D$13:$AC$21,$B51,FALSE) -> 7644 | G51: =HLOOKUP(G$46,$D$13:$AC$21,$B51,FALSE) -> 668781 | H51: =HLOOKUP(H$46,$D$13:$AC$21,$B51,FALSE) -> 277654 | I51: =HLOOKUP(I$46,$D$13:$AC$21,$B51,FALSE) -> 208793 | J51: =HLOOKUP(J$46,$D$13:$AC$21,$B51,FALSE) -> 509222 | K51: =HLOOKUP(K$46,$D$13:$AC$21,$B51,FALSE) -> 0 | ... AC51: =HLOOKUP(AC$46,$D$13:$AC$21,$B51,FALSE) -> 3237564
A52: DH | B52: 7 | D52: =HLOOKUP(D$46,$D$13:$AC$21,$B52,FALSE) -> 71613 | E52: =HLOOKUP(E$46,$D$13:$AC$21,$B52,FALSE) -> 16280 | F52: =HLOOKUP(F$46,$D$13:$AC$21,$B52,FALSE) -> 41130 | G52: =HLOOKUP(G$46,$D$13:$AC$21,$B52,FALSE) -> 1074991 | H52: =HLOOKUP(H$46,$D$13:$AC$21,$B52,FALSE) -> 373335 | I52: =HLOOKUP(I$46,$D$13:$AC$21,$B52,FALSE) -> 932025 | J52: =HLOOKUP(J$46,$D$13:$AC$21,$B52,FALSE) -> 670547 | K52: =HLOOKUP(K$46,$D$13:$AC$21,$B52,FALSE) -> 0 | ... AC52: =HLOOKUP(AC$46,$D$13:$AC$21,$B52,FALSE) -> 209597
A53: ST | B53: 8 | D53: =HLOOKUP(D$46,$D$13:$AC$21,$B53,FALSE) -> 27743 | E53: =HLOOKUP(E$46,$D$13:$AC$21,$B53,FALSE) -> 7765 | F53: =HLOOKUP(F$46,$D$13:$AC$21,$B53,FALSE) -> 6810 | G53: =HLOOKUP(G$46,$D$13:$AC$21,$B53,FALSE) -> 108600 | H53: =HLOOKUP(H$46,$D$13:$AC$21,$B53,FALSE) -> 95208 | I53: =HLOOKUP(I$46,$D$13:$AC$21,$B53,FALSE) -> 74225 | J53: =HLOOKUP(J$46,$D$13:$AC$21,$B53,FALSE) -> 21714 | K53: =HLOOKUP(K$46,$D$13:$AC$21,$B53,FALSE) -> 148000 | ... AC53: =HLOOKUP(AC$46,$D$13:$AC$21,$B53,FALSE) -> 3416
A54: Ventilation and heat recovery | B54: 9 | D54: =HLOOKUP(D$46,$D$13:$AC$21,$B54,FALSE) -> 0 | E54: =HLOOKUP(E$46,$D$13:$AC$21,$B54,FALSE) -> 0 | F54: =HLOOKUP(F$46,$D$13:$AC$21,$B54,FALSE) -> 0 | G54: =HLOOKUP(G$46,$D$13:$AC$21,$B54,FALSE) -> 66000 | H54: =HLOOKUP(H$46,$D$13:$AC$21,$B54,FALSE) -> 0 | I54: =HLOOKUP(I$46,$D$13:$AC$21,$B54,FALSE) -> 48000 | J54: =HLOOKUP(J$46,$D$13:$AC$21,$B54,FALSE) -> 0 | K54: =HLOOKUP(K$46,$D$13:$AC$21,$B54,FALSE) -> 0 | ... AC54: =HLOOKUP(AC$46,$D$13:$AC$21,$B54,FALSE) -> 0
A56: Non Res
A57: Measure | B57: Index | D57: AG | E57: AI | F57: AR | G57: BE | H57: BL | I57: BS | J57: FR | K57: GE | L57: GL | M57: GR | N57: JU | O57: LU | P57: NE | Q57: NW | R57: OW | S57: SG | T57: SH | U57: SO | V57: SZ | W57: TG | X57: TI | Y57: UR | Z57: VD | AA57: VS | AB57: ZG | AC57: ZH
A58: Wood/pelle with daily tank | B58: 2 | D58: =HLOOKUP(D$57,$D$24:$AC$32,$B58,FALSE) -> 6600 | E58: =HLOOKUP(E$57,$D$24:$AC$32,$B58,FALSE) -> 0 | F58: =HLOOKUP(F$57,$D$24:$AC$32,$B58,FALSE) -> 0 | G58: =HLOOKUP(G$57,$D$24:$AC$32,$B58,FALSE) -> 0 | H58: =HLOOKUP(H$57,$D$24:$AC$32,$B58,FALSE) -> 0 | I58: =HLOOKUP(I$57,$D$24:$AC$32,$B58,FALSE) -> 0 | J58: =HLOOKUP(J$57,$D$24:$AC$32,$B58,FALSE) -> 13500 | K58: =HLOOKUP(K$57,$D$24:$AC$32,$B58,FALSE) -> 0 | ... AC58: =HLOOKUP(AC$57,$D$24:$AC$32,$B58,FALSE) -> 0
A59: Automatic wood heating, heat output ≤ 70 kW | B59: 3 | D59: =HLOOKUP(D$57,$D$24:$AC$32,$B59,FALSE) -> 0 | E59: =HLOOKUP(E$57,$D$24:$AC$32,$B59,FALSE) -> 0 | F59: =HLOOKUP(F$57,$D$24:$AC$32,$B59,FALSE) -> 5493 | G59: =HLOOKUP(G$57,$D$24:$AC$32,$B59,FALSE) -> 76320 | H59: =HLOOKUP(H$57,$D$24:$AC$32,$B59,FALSE) -> 15700 | I59: =HLOOKUP(I$57,$D$24:$AC$32,$B59,FALSE) -> 0 | J59: =HLOOKUP(J$57,$D$24:$AC$32,$B59,FALSE) -> 15398 | K59: =HLOOKUP(K$57,$D$24:$AC$32,$B59,FALSE) -> 0 | ... AC59: =HLOOKUP(AC$57,$D$24:$AC$32,$B59,FALSE) -> 0
A60: Automatic wood heating, heat output > 70 kW | B60: 4 | D60: =HLOOKUP(D$57,$D$24:$AC$32,$B60,FALSE) -> 0 | E60: =HLOOKUP(E$57,$D$24:$AC$32,$B60,FALSE) -> 0 | F60: =HLOOKUP(F$57,$D$24:$AC$32,$B60,FALSE) -> 0 | G60: =HLOOKUP(G$57,$D$24:$AC$32,$B60,FALSE) -> 87640 | H60: =HLOOKUP(H$57,$D$24:$AC$32,$B60,FALSE) -> 289700 | I60: =HLOOKUP(I$57,$D$24:$AC$32,$B60,FALSE) -> 0 | J60: =HLOOKUP(J$57,$D$24:$AC$32,$B60,FALSE) -> 0 | K60: =HLOOKUP(K$57,$D$24:$AC$32,$B60,FALSE) -> 0 | ... AC60: =HLOOKUP(AC$57,$D$24:$AC$32,$B60,FALSE) -> 0
A61: HP air-water | B61: 5 | D61: =HLOOKUP(D$57,$D$24:$AC$32,$B61,FALSE) -> 47128 | E61: =HLOOKUP(E$57,$D$24:$AC$32,$B61,FALSE) -> 0 | F61: =HLOOKUP(F$57,$D$24:$AC$32,$B61,FALSE) -> 0 | G61: =HLOOKUP(G$57,$D$24:$AC$32,$B61,FALSE) -> 166269 | H61: =HLOOKUP(H$57,$D$24:$AC$32,$B61,FALSE) -> 48110 | I61: =HLOOKUP(I$57,$D$24:$AC$32,$B61,FALSE) -> 0 | J61: =HLOOKUP(J$57,$D$24:$AC$32,$B61,FALSE) -> 13456 | K61: =HLOOKUP(K$57,$D$24:$AC$32,$B61,FALSE) -> 22360 | ... AC61: =HLOOKUP(AC$57,$D$24:$AC$32,$B61,FALSE) -> 104121
A62: HP electric (brine/water, water/water) | B62: 6 | D62: =HLOOKUP(D$57,$D$24:$AC$32,$B62,FALSE) -> 9096 | E62: =HLOOKUP(E$57,$D$24:$AC$32,$B62,FALSE) -> 4848 | F62: =HLOOKUP(F$57,$D$24:$AC$32,$B62,FALSE) -> 0 | G62: =HLOOKUP(G$57,$D$24:$AC$32,$B62,FALSE) -> 91800 | H62: =HLOOKUP(H$57,$D$24:$AC$32,$B62,FALSE) -> 128700 | I62: =HLOOKUP(I$57,$D$24:$AC$32,$B62,FALSE) -> 0 | J62: =HLOOKUP(J$57,$D$24:$AC$32,$B62,FALSE) -> 46965 | K62: =HLOOKUP(K$57,$D$24:$AC$32,$B62,FALSE) -> 0 | ... AC62: =HLOOKUP(AC$57,$D$24:$AC$32,$B62,FALSE) -> 127670
A63: DH | B63: 7 | D63: =HLOOKUP(D$57,$D$24:$AC$32,$B63,FALSE) -> 4240 | E63: =HLOOKUP(E$57,$D$24:$AC$32,$B63,FALSE) -> 4400 | F63: =HLOOKUP(F$57,$D$24:$AC$32,$B63,FALSE) -> 0 | G63: =HLOOKUP(G$57,$D$24:$AC$32,$B63,FALSE) -> 358282 | H63: =HLOOKUP(H$57,$D$24:$AC$32,$B63,FALSE) -> 107027 | I63: =HLOOKUP(I$57,$D$24:$AC$32,$B63,FALSE) -> 53210 | J63: =HLOOKUP(J$57,$D$24:$AC$32,$B63,FALSE) -> 220208 | K63: =HLOOKUP(K$57,$D$24:$AC$32,$B63,FALSE) -> 55070 | ... AC63: =HLOOKUP(AC$57,$D$24:$AC$32,$B63,FALSE) -> 57384
A64: ST | B64: 8 | D64: =HLOOKUP(D$57,$D$24:$AC$32,$B64,FALSE) -> 0 | E64: =HLOOKUP(E$57,$D$24:$AC$32,$B64,FALSE) -> 0 | F64: =HLOOKUP(F$57,$D$24:$AC$32,$B64,FALSE) -> 7610 | G64: =HLOOKUP(G$57,$D$24:$AC$32,$B64,FALSE) -> 24100 | H64: =HLOOKUP(H$57,$D$24:$AC$32,$B64,FALSE) -> 0 | I64: =HLOOKUP(I$57,$D$24:$AC$32,$B64,FALSE) -> 0 | J64: =HLOOKUP(J$57,$D$24:$AC$32,$B64,FALSE) -> 3625 | K64: =HLOOKUP(K$57,$D$24:$AC$32,$B64,FALSE) -> 0 | ... AC64: =HLOOKUP(AC$57,$D$24:$AC$32,$B64,FALSE) -> 0
A65: Ventilation and heat recovery | B65: 9 | D65: =HLOOKUP(D$57,$D$24:$AC$32,$B65,FALSE) -> 0 | E65: =HLOOKUP(E$57,$D$24:$AC$32,$B65,FALSE) -> 0 | F65: =HLOOKUP(F$57,$D$24:$AC$32,$B65,FALSE) -> 0 | G65: =HLOOKUP(G$57,$D$24:$AC$32,$B65,FALSE) -> 0 | H65: =HLOOKUP(H$57,$D$24:$AC$32,$B65,FALSE) -> 0 | I65: =HLOOKUP(I$57,$D$24:$AC$32,$B65,FALSE) -> 0 | J65: =HLOOKUP(J$57,$D$24:$AC$32,$B65,FALSE) -> 0 | K65: =HLOOKUP(K$57,$D$24:$AC$32,$B65,FALSE) -> 0 | ... AC65: =HLOOKUP(AC$57,$D$24:$AC$32,$B65,FALSE) -> 0
C67: HP | D67: =SUM(D39:D40,D50:D51,D61:D62)/1000 -> 6551.246 | E67: =SUM(E39:E40,E50:E51,E61:E62)/1000 -> 127.12 | F67: =SUM(F39:F40,F50:F51,F61:F62)/1000 -> 559.527 | G67: =SUM(G39:G40,G50:G51,G61:G62)/1000 -> 19994.788 | H67: =SUM(H39:H40,H50:H51,H61:H62)/1000 -> 7975.117 | I67: =SUM(I39:I40,I50:I51,I61:I62)/1000 -> 2458.845 | J67: =SUM(J39:J40,J50:J51,J61:J62)/1000 -> 9646.964 | K67: =SUM(K39:K40,K50:K51,K61:K62)/1000 -> 1778.74 | ... AC67: =SUM(AC39:AC40,AC50:AC51,AC61:AC62)/1000 -> 17608.056
C68: Wood | D68: =SUM(D36:D37,D47:D48,D58:D59)/1000 -> 95.753 | E68: =SUM(E36:E37,E47:E48,E58:E59)/1000 -> 34.5 | F68: =SUM(F36:F37,F47:F48,F58:F59)/1000 -> 68.868 | G68: =SUM(G36:G37,G47:G48,G58:G59)/1000 -> 1942.877 | H68: =SUM(H36:H37,H47:H48,H58:H59)/1000 -> 323.88 | I68: =SUM(I36:I37,I47:I48,I58:I59)/1000 -> 74.44 | J68: =SUM(J36:J37,J47:J48,J58:J59)/1000 -> 492.71 | K68: =SUM(K36:K37,K47:K48,K58:K59)/1000 -> 0 | ... AC68: =SUM(AC36:AC37,AC47:AC48,AC58:AC59)/1000 -> 0
C69: ST | D69: =SUM(D42,D53,D64)/1000 -> 47.172 | E69: =SUM(E42,E53,E64)/1000 -> 12.665 | F69: =SUM(F42,F53,F64)/1000 -> 55.0485 | G69: =SUM(G42,G53,G64)/1000 -> 333.5 | H69: =SUM(H42,H53,H64)/1000 -> 158.771 | I69: =SUM(I42,I53,I64)/1000 -> 83.145 | J69: =SUM(J42,J53,J64)/1000 -> 109.317 | K69: =SUM(K42,K53,K64)/1000 -> 199.562 | ... AC69: =SUM(AC42,AC53,AC64)/1000 -> 6.813
B71: 15 | C71: HP - SFH | D71: =SUM(D39:D40)/1000 -> 5620.064 | E71: =SUM(E39:E40)/1000 -> 101.242 | F71: =SUM(F39:F40)/1000 -> 524.457 | G71: =SUM(G39:G40)/1000 -> 17199.088 | H71: =SUM(H39:H40)/1000 -> 7010.605 | I71: =SUM(I39:I40)/1000 -> 2023.71 | J71: =SUM(J39:J40)/1000 -> 8492.528 | K71: =SUM(K39:K40)/1000 -> 1701.62 | ... AC71: =SUM(AC39:AC40)/1000 -> 13363.682
B72: 16 | C72: HP - MFH | D72: =SUM(D50:D51)/1000 -> 874.958 | E72: =SUM(E50:E51)/1000 -> 21.03 | F72: =SUM(F50:F51)/1000 -> 35.07 | G72: =SUM(G50:G51)/1000 -> 2537.631 | H72: =SUM(H50:H51)/1000 -> 787.702 | I72: =SUM(I50:I51)/1000 -> 435.135 | J72: =SUM(J50:J51)/1000 -> 1094.015 | K72: =SUM(K50:K51)/1000 -> 54.76 | ... AC72: =SUM(AC50:AC51)/1000 -> 4012.583
B73: 17 | C73: HP - NonRes | D73: =SUM(D61:D62)/1000 -> 56.224 | E73: =SUM(E61:E62)/1000 -> 4.848 | F73: =SUM(F61:F62)/1000 -> 0 | G73: =SUM(G61:G62)/1000 -> 258.069 | H73: =SUM(H61:H62)/1000 -> 176.81 | I73: =SUM(I61:I62)/1000 -> 0 | J73: =SUM(J61:J62)/1000 -> 60.421 | K73: =SUM(K61:K62)/1000 -> 22.36 | ... AC73: =SUM(AC61:AC62)/1000 -> 231.791
